{
  "variant": "struct_Ours-Full",
  "seed": 42,
  "shared_pool_path": "results_dryrun_full_rerun_20260323_gpu/ablation/shared_pools/seed_42.json",
  "metrics": {
    "block_fee_mean": 1552.8944600282382,
    "block_fee_std": 132.77232410372034,
    "fairness_mean": 0.9317228390610984,
    "fairness_std": 0.018225702800981864,
    "risk_exposure_mean": 0.26589140019657426,
    "risk_exposure_std": 0.06606356247825643,
    "gas_util_mean": 0.9996815833333333,
    "gas_util_std": 0.00018805032681881912,
    "risky_rank_mean": 0.4548929474947476,
    "risky_rank_std": 0.07012488184880135,
    "packing_ratio_mean": 0.5914583333333333,
    "packing_ratio_std": 0.04050837962007916,
    "top10_risk_mean": 0.2712739454334365,
    "top10_risk_std": 0.10081630948197298,
    "late_promo_mean": 0.005631027903770359,
    "late_promo_std": 0.008716415948253162,
    "oldest_coverage_mean": 1.0,
    "oldest_coverage_std": 0.0,
    "starvation_gap_mean": 0.0,
    "starvation_gap_std": 0.0,
    "tail_wait_reduction_mean": 1.0,
    "tail_wait_reduction_std": 0.0,
    "selected_wait_std_mean": 56.625444433118695,
    "selected_wait_std_std": 7.610794389219308,
    "block_fee_norm_mean": 0.6374252155149887,
    "block_fee_norm_std": 0.04639566024396769,
    "composite_score_mean": 0.5847225159319552,
    "composite_score_std": 0.019567607527116542
  }
}