{
  "ours": {
    "block_fee_mean": 1871.7480257504312,
    "block_fee_std": 112.22955163816272,
    "fairness_mean": 0.7918828056216873,
    "fairness_std": 0.026671998821712242,
    "risk_exposure_mean": 0.19584584283727485,
    "risk_exposure_std": 0.09024635338231288,
    "gas_util_mean": 0.9990226020833333,
    "gas_util_std": 0.0006251644999594466,
    "risky_rank_mean": 0.4623479727156067,
    "risky_rank_std": 0.06393107463500584,
    "packing_ratio_mean": 0.7084375,
    "packing_ratio_std": 0.034940270214165334,
    "top10_risk_mean": 0.13804778126145403,
    "top10_risk_std": 0.09069893273410409,
    "late_promo_mean": 0.2299317356423089,
    "late_promo_std": 0.04626628156523211
  },
  "fifo": {
    "block_fee_mean": 1543.2682143147317,
    "block_fee_std": 144.62114410386903,
    "fairness_mean": 0.9267826364441214,
    "fairness_std": 0.019861398667653223,
    "risk_exposure_mean": 0.19493877571404777,
    "risk_exposure_std": 0.09077695220213779,
    "gas_util_mean": 0.9996787739583333,
    "gas_util_std": 0.0001940514650618861,
    "risky_rank_mean": 0.49593776545713364,
    "risky_rank_std": 0.05905538516873379,
    "packing_ratio_mean": 0.6278125,
    "packing_ratio_std": 0.039366594120381924,
    "top10_risk_mean": 0.1374823394269989,
    "top10_risk_std": 0.0837149098145513,
    "late_promo_mean": 0.0,
    "late_promo_std": 0.0
  },
  "gas": {
    "block_fee_mean": 1598.6113743430087,
    "block_fee_std": 140.50508219395843,
    "fairness_mean": 0.8231674814420475,
    "fairness_std": 0.02362953278958467,
    "risk_exposure_mean": 0.34170551134010335,
    "risk_exposure_std": 0.1015987751452875,
    "gas_util_mean": 0.9997024822916667,
    "gas_util_std": 0.00018878469603558193,
    "risky_rank_mean": 0.4745865499553664,
    "risky_rank_std": 0.07208983159590852,
    "packing_ratio_mean": 0.6183333333333333,
    "packing_ratio_std": 0.03827894692618617,
    "top10_risk_mean": 0.3133395682834537,
    "top10_risk_std": 0.12368033876444591,
    "late_promo_mean": 0.17896542459454334,
    "late_promo_std": 0.026564041903147196
  },
  "heuristic": {
    "block_fee_mean": 1542.9167305971,
    "block_fee_std": 138.05251115139262,
    "fairness_mean": 0.8216363349005634,
    "fairness_std": 0.024653993875745024,
    "risk_exposure_mean": 0.10467317079742344,
    "risk_exposure_std": 0.13739914823972477,
    "gas_util_mean": 0.9996732625,
    "gas_util_std": 0.00020397936285014082,
    "risky_rank_mean": 0.38408296619869453,
    "risky_rank_std": 0.08095650228578229,
    "packing_ratio_mean": 0.62375,
    "packing_ratio_std": 0.03589868072475334,
    "top10_risk_mean": 0.0,
    "top10_risk_std": 0.0,
    "late_promo_mean": 0.18293840134803122,
    "late_promo_std": 0.030856539456991218
  },
  "fee_risk_linear": {
    "block_fee_mean": 1589.087771870135,
    "block_fee_std": 128.23501191654003,
    "fairness_mean": 0.8221099894528788,
    "fairness_std": 0.02234557867425231,
    "risk_exposure_mean": 0.07736994634296182,
    "risk_exposure_std": 0.08128705109214755,
    "gas_util_mean": 0.9996629729166666,
    "gas_util_std": 0.00021461657063584998,
    "risky_rank_mean": 0.6731329400988214,
    "risky_rank_std": 0.06833869968580329,
    "packing_ratio_mean": 0.6172916666666667,
    "packing_ratio_std": 0.03340032331014511,
    "top10_risk_mean": 0.07275985229618162,
    "top10_risk_std": 0.06942373385576443,
    "late_promo_mean": 0.16389129187385282,
    "late_promo_std": 0.03512745000933692
  },
  "fair_fee": {
    "block_fee_mean": 1313.6320372700457,
    "block_fee_std": 104.23870457365095,
    "fairness_mean": 0.8482687134941269,
    "fairness_std": 0.03525628531364316,
    "risk_exposure_mean": 0.3431540103440597,
    "risk_exposure_std": 0.11282086371172126,
    "gas_util_mean": 0.9995629416666667,
    "gas_util_std": 0.00016827792693768182,
    "risky_rank_mean": 0.39641131865865675,
    "risky_rank_std": 0.0829987673003833,
    "packing_ratio_mean": 0.6214583333333333,
    "packing_ratio_std": 0.0393518450435724,
    "top10_risk_mean": 0.28726618937048504,
    "top10_risk_std": 0.11819793666450996,
    "late_promo_mean": 0.038958034260634,
    "late_promo_std": 0.02866971704545711
  }
}