{
  "100": {
    "ours": {
      "block_fee_mean": 797.4777126697645,
      "block_fee_std": 93.8727876855673,
      "fairness_mean": 0.7491213622824753,
      "fairness_std": 0.022778710716345532,
      "risk_exposure_mean": 0.32323538819281855,
      "risk_exposure_std": 0.12847255929504164,
      "gas_util_mean": 0.5582350572916667,
      "gas_util_std": 0.04717732986105546,
      "risky_rank_mean": 0.5249734109041677,
      "risky_rank_std": 0.07958362461625235,
      "packing_ratio_mean": 1.0,
      "packing_ratio_std": 0.0,
      "top10_risk_mean": 0.159375,
      "top10_risk_std": 0.1085684547877513,
      "late_promo_mean": 0.414477346602534,
      "late_promo_std": 0.10340011423227205
    },
    "fifo": {
      "block_fee_mean": 797.4777126697645,
      "block_fee_std": 93.8727876855673,
      "fairness_mean": 0.7491213622824753,
      "fairness_std": 0.02277871071634553,
      "risk_exposure_mean": 0.21199179298298879,
      "risk_exposure_std": 0.1296743108822137,
      "gas_util_mean": 0.5582350572916667,
      "gas_util_std": 0.04717732986105546,
      "risky_rank_mean": 0.5118743359295651,
      "risky_rank_std": 0.07567347262403926,
      "packing_ratio_mean": 1.0,
      "packing_ratio_std": 0.0,
      "top10_risk_mean": 0.13125,
      "top10_risk_std": 0.11575161985907585,
      "late_promo_mean": 0.0,
      "late_promo_std": 0.0
    },
    "gas": {
      "block_fee_mean": 797.4777126697645,
      "block_fee_std": 93.8727876855673,
      "fairness_mean": 0.7491213622824754,
      "fairness_std": 0.022778710716345546,
      "risk_exposure_mean": 0.29669375494646394,
      "risk_exposure_std": 0.1172799488008925,
      "gas_util_mean": 0.5582350572916667,
      "gas_util_std": 0.04717732986105546,
      "risky_rank_mean": 0.4634623170056108,
      "risky_rank_std": 0.07969702681942915,
      "packing_ratio_mean": 1.0,
      "packing_ratio_std": 0.0,
      "top10_risk_mean": 0.246875,
      "top10_risk_std": 0.13225064980936765,
      "late_promo_mean": 0.23008791258369593,
      "late_promo_std": 0.07439196641447005
    },
    "heuristic": {
      "block_fee_mean": 797.4777126697645,
      "block_fee_std": 93.8727876855673,
      "fairness_mean": 0.7491213622824754,
      "fairness_std": 0.022778710716345588,
      "risk_exposure_mean": 0.11837544657784596,
      "risk_exposure_std": 0.07127880580216572,
      "gas_util_mean": 0.5582350572916667,
      "gas_util_std": 0.04717732986105546,
      "risky_rank_mean": 0.4794701656945418,
      "risky_rank_std": 0.07664522627953653,
      "packing_ratio_mean": 1.0,
      "packing_ratio_std": 0.0,
      "top10_risk_mean": 0.009375000000000001,
      "top10_risk_std": 0.03840064289826409,
      "late_promo_mean": 0.22816093164879708,
      "late_promo_std": 0.07166559160913917
    },
    "fee_risk_linear": {
      "block_fee_mean": 797.4777126697645,
      "block_fee_std": 93.8727876855673,
      "fairness_mean": 0.7491213622824754,
      "fairness_std": 0.02277871071634557,
      "risk_exposure_mean": 0.1621432494449135,
      "risk_exposure_std": 0.1009493688905492,
      "gas_util_mean": 0.5582350572916667,
      "gas_util_std": 0.04717732986105546,
      "risky_rank_mean": 0.5355386829201505,
      "risky_rank_std": 0.07122807967930841,
      "packing_ratio_mean": 1.0,
      "packing_ratio_std": 0.0,
      "top10_risk_mean": 0.0875,
      "top10_risk_std": 0.08926785535678562,
      "late_promo_mean": 0.24921867765196104,
      "late_promo_std": 0.07460939794261288
    },
    "fair_fee": {
      "block_fee_mean": 797.4777126697645,
      "block_fee_std": 93.8727876855673,
      "fairness_mean": 0.7491213622824753,
      "fairness_std": 0.02277871071634554,
      "risk_exposure_mean": 0.30138686106420237,
      "risk_exposure_std": 0.12415046339085484,
      "gas_util_mean": 0.5582350572916667,
      "gas_util_std": 0.04717732986105546,
      "risky_rank_mean": 0.48839477131127673,
      "risky_rank_std": 0.08270133815647175,
      "packing_ratio_mean": 1.0,
      "packing_ratio_std": 0.0,
      "top10_risk_mean": 0.24375,
      "top10_risk_std": 0.13448396744593757,
      "late_promo_mean": 0.283023755675789,
      "late_promo_std": 0.0940588499651144
    }
  },
  "200": {
    "ours": {
      "block_fee_mean": 1561.8230648039564,
      "block_fee_std": 119.21918994376456,
      "fairness_mean": 0.7633869250728524,
      "fairness_std": 0.02324125912691033,
      "risk_exposure_mean": 0.27184316604393544,
      "risk_exposure_std": 0.088003415451356,
      "gas_util_mean": 0.9969735489583333,
      "gas_util_std": 0.0029002079530682833,
      "risky_rank_mean": 0.4890063890330293,
      "risky_rank_std": 0.07160930353372624,
      "packing_ratio_mean": 0.939375,
      "packing_ratio_std": 0.035941575855824665,
      "top10_risk_mean": 0.14211816305469555,
      "top10_risk_std": 0.08426106988573805,
      "late_promo_mean": 0.35321164603681193,
      "late_promo_std": 0.06201977973710777
    },
    "fifo": {
      "block_fee_mean": 1525.1633840540183,
      "block_fee_std": 150.87942746057487,
      "fairness_mean": 0.7988843295847273,
      "fairness_std": 0.03622981975467906,
      "risk_exposure_mean": 0.20080417448273663,
      "risk_exposure_std": 0.06990406671690552,
      "gas_util_mean": 0.9984354927083333,
      "gas_util_std": 0.002740539492125261,
      "risky_rank_mean": 0.49318041720646655,
      "risky_rank_std": 0.05858522117526136,
      "packing_ratio_mean": 0.9303125000000001,
      "packing_ratio_std": 0.050542950485206135,
      "top10_risk_mean": 0.13997758642930855,
      "top10_risk_std": 0.07356452789381072,
      "late_promo_mean": 0.0,
      "late_promo_std": 0.0
    },
    "gas": {
      "block_fee_mean": 1529.375651564342,
      "block_fee_std": 152.83728314361792,
      "fairness_mean": 0.7727080145801813,
      "fairness_std": 0.02781891336795819,
      "risk_exposure_mean": 0.327312421063537,
      "risk_exposure_std": 0.0871738319995623,
      "gas_util_mean": 0.998561084375,
      "gas_util_std": 0.002044441768959335,
      "risky_rank_mean": 0.4607215043243364,
      "risky_rank_std": 0.05018594166170248,
      "packing_ratio_mean": 0.9299999999999999,
      "packing_ratio_std": 0.048266836440769546,
      "top10_risk_mean": 0.30627942788957685,
      "top10_risk_std": 0.10403596173068677,
      "late_promo_mean": 0.18691537987916668,
      "late_promo_std": 0.05057330252075001
    },
    "heuristic": {
      "block_fee_mean": 1524.780019958354,
      "block_fee_std": 154.97320973792614,
      "fairness_mean": 0.771343320057338,
      "fairness_std": 0.027102800831319822,
      "risk_exposure_mean": 0.08821369656767945,
      "risk_exposure_std": 0.0731630269064759,
      "gas_util_mean": 0.9980519145833333,
      "gas_util_std": 0.0024988604495479734,
      "risky_rank_mean": 0.48386573367762753,
      "risky_rank_std": 0.05181332965866511,
      "packing_ratio_mean": 0.93109375,
      "packing_ratio_std": 0.04746272180287914,
      "top10_risk_mean": 0.0,
      "top10_risk_std": 0.0,
      "late_promo_mean": 0.19859856959572275,
      "late_promo_std": 0.05037428254952245
    },
    "fee_risk_linear": {
      "block_fee_mean": 1534.8276741490608,
      "block_fee_std": 137.24488857187575,
      "fairness_mean": 0.7743024638177265,
      "fairness_std": 0.02697004964933457,
      "risk_exposure_mean": 0.16633618325785401,
      "risk_exposure_std": 0.09034779503645966,
      "gas_util_mean": 0.9985485260416667,
      "gas_util_std": 0.002276783169919516,
      "risky_rank_mean": 0.562483896372439,
      "risky_rank_std": 0.044534774765860166,
      "packing_ratio_mean": 0.92859375,
      "packing_ratio_std": 0.04481270702532373,
      "top10_risk_mean": 0.07399918300653593,
      "top10_risk_std": 0.06800353282724196,
      "late_promo_mean": 0.2232599296302763,
      "late_promo_std": 0.05740885071525588
    },
    "fair_fee": {
      "block_fee_mean": 1490.5450927667341,
      "block_fee_std": 147.2563871922346,