{
  "1.2": {
    "ours": {
      "block_fee_mean": 1686.4160313477455,
      "block_fee_std": 110.38533140938591,
      "fairness_mean": 0.7939141624500548,
      "fairness_std": 0.028174510832627387,
      "risk_exposure_mean": 0.16575147321457107,
      "risk_exposure_std": 0.08856044619683914,
      "gas_util_mean": 0.9991878885416667,
      "gas_util_std": 0.0007344118885113187,
      "risky_rank_mean": 0.4984978147014655,
      "risky_rank_std": 0.05527871549633169,
      "packing_ratio_mean": 0.7040625,
      "packing_ratio_std": 0.03749754042859938,
      "top10_risk_mean": 0.09711141737743567,
      "top10_risk_std": 0.0669884130539461,
      "late_promo_mean": 0.24643785475778682,
      "late_promo_std": 0.04735514785729341
    },
    "fifo": {
      "block_fee_mean": 1382.260602938452,
      "block_fee_std": 118.83159292125049,
      "fairness_mean": 0.9267826364441214,
      "fairness_std": 0.019861398667653223,
      "risk_exposure_mean": 0.19493877571404777,
      "risk_exposure_std": 0.09077695220213779,
      "gas_util_mean": 0.9996787739583333,
      "gas_util_std": 0.0001940514650618861,
      "risky_rank_mean": 0.49593776545713364,
      "risky_rank_std": 0.05905538516873379,
      "packing_ratio_mean": 0.6278125,
      "packing_ratio_std": 0.039366594120381924,
      "top10_risk_mean": 0.1374823394269989,
      "top10_risk_std": 0.0837149098145513,
      "late_promo_mean": 0.0,
      "late_promo_std": 0.0
    },
    "gas": {
      "block_fee_mean": 1428.255988145695,
      "block_fee_std": 108.81741545189017,
      "fairness_mean": 0.8208381211294236,
      "fairness_std": 0.023641017361997124,
      "risk_exposure_mean": 0.24767911857014088,
      "risk_exposure_std": 0.10025301460932473,
      "gas_util_mean": 0.9996503864583333,
      "gas_util_std": 0.00020879426341420472,
      "risky_rank_mean": 0.4935402454240336,
      "risky_rank_std": 0.06462685994370095,
      "packing_ratio_mean": 0.6204166666666666,
      "packing_ratio_std": 0.03612045819199972,
      "top10_risk_mean": 0.18355182533539732,
      "top10_risk_std": 0.10551303421026648,
      "late_promo_mean": 0.18040084922000577,
      "late_promo_std": 0.031733728761361615
    },
    "heuristic": {
      "block_fee_mean": 1407.8398845136476,
      "block_fee_std": 116.35549032939072,
      "fairness_mean": 0.8216363349005634,
      "fairness_std": 0.024653993875745024,
      "risk_exposure_mean": 0.10467317079742344,
      "risk_exposure_std": 0.13739914823972477,
      "gas_util_mean": 0.9996732625,
      "gas_util_std": 0.00020397936285014082,
      "risky_rank_mean": 0.38408296619869453,
      "risky_rank_std": 0.08095650228578229,
      "packing_ratio_mean": 0.62375,
      "packing_ratio_std": 0.03589868072475334,
      "top10_risk_mean": 0.0,
      "top10_risk_std": 0.0,
      "late_promo_mean": 0.17987909004672442,
      "late_promo_std": 0.03178304403392355
    },
    "fee_risk_linear": {
      "block_fee_mean": 1435.1658869909384,
      "block_fee_std": 109.43895083758186,
      "fairness_mean": 0.8208599718057217,
      "fairness_std": 0.021598439830615025,
      "risk_exposure_mean": 0.04222701156236083,
      "risk_exposure_std": 0.05144400133146888,
      "gas_util_mean": 0.9996681645833333,
      "gas_util_std": 0.000184898191757262,
      "risky_rank_mean": 0.6841930895965113,
      "risky_rank_std": 0.06243659077075794,
      "packing_ratio_mean": 0.6219791666666666,
      "packing_ratio_std": 0.037368838910618804,
      "top10_risk_mean": 0.03796860026905499,
      "top10_risk_std": 0.050649120442946734,
      "late_promo_mean": 0.1675283402198221,
      "late_promo_std": 0.03756547497660286
    },
    "fair_fee": {
      "block_fee_mean": 1227.6026714576833,
      "block_fee_std": 112.97619832106179,
      "fairness_mean": 0.8353459002283823,
      "fairness_std": 0.03463855368822596,
      "risk_exposure_mean": 0.25035108235557907,
      "risk_exposure_std": 0.1132625779784248,
      "gas_util_mean": 0.9996864395833334,
      "gas_util_std": 0.00019581247893170188,
      "risky_rank_mean": 0.45596707877704484,
      "risky_rank_std": 0.06602550493097513,
      "packing_ratio_mean": 0.6284375,
      "packing_ratio_std": 0.04489945847699922,
      "top10_risk_mean": 0.18943978533399006,
      "top10_risk_std": 0.11157850461762304,
      "late_promo_mean": 0.057239777865606495,
      "late_promo_std": 0.033840814742750254
    }
  },
  "1.5": {
    "ours": {
      "block_fee_mean": 1750.1993444990908,
      "block_fee_std": 107.4776871112749,
      "fairness_mean": 0.7933954597094799,
      "fairness_std": 0.027597412624115917,
      "risk_exposure_mean": 0.1685328213570991,
      "risk_exposure_std": 0.09171324511122132,
      "gas_util_mean": 0.9991007572916667,
      "gas_util_std": 0.0008369995995632522,
      "risky_rank_mean": 0.4791967714300957,
      "risky_rank_std": 0.062421371545232064,
      "packing_ratio_mean": 0.7053125,
      "packing_ratio_std": 0.03669373409081962,
      "top10_risk_mean": 0.11217037158112672,
      "top10_risk_std": 0.08264601232851712,
      "late_promo_mean": 0.23937374769041947,
      "late_promo_std": 0.04655644262950702
    },
    "fifo": {
      "block_fee_mean": 1442.6384572045567,
      "block_fee_std": 127.39021738003963,
      "fairness_mean": 0.9267826364441214,
      "fairness_std": 0.019861398667653223,
      "risk_exposure_mean": 0.19493877571404777,
      "risk_exposure_std": 0.09077695220213779,
      "gas_util_mean": 0.9996787739583333,
      "gas_util_std": 0.0001940514650618861,
      "risky_rank_mean": 0.49593776545713364,
      "risky_rank_std": 0.05905538516873379,
      "packing_ratio_mean": 0.6278125,
      "packing_ratio_std": 0.039366594120381924,
      "top10_risk_mean": 0.1374823394269989,
      "top10_risk_std": 0.0837149098145513,
      "late_promo_mean": 0.0,
      "late_promo_std": 0.0
    },
    "gas": {
      "block_fee_mean": 1494.7629471772048,
      "block_fee_std": 126.78851720896175,
      "fairness_mean": 0.8209255688797923,
      "fairness_std": 0.02343843681370935,
      "risk_exposure_mean": 0.29265456682437263,
      "risk_exposure_std": 0.10927346168620573,
      "gas_util_mean": 0.9996510187500001,
      "gas_util_std": 0.00023469348966871436,
      "risky_rank_mean": 0.48668196163636807,
      "risky_rank_std": 0.06976647248576079,
      "packing_ratio_mean": 0.6219791666666666,
      "packing_ratio_std": 0.04032730133097043,
      "top10_risk_mean": 0.2507827281131751,
      "top10_risk_std": 0.12038188608270539,
      "late_promo_mean": 0.17910746685825985,
      "late_promo_std": 0.028518714165394643
    },
    "heuristic": {
      "block_fee_mean": 1458.4937017949424,
      "block_fee_std": 122.86265682540395,
      "fairness_mean": 0.8216363349005634,
      "fairness_std": 0.024653993875745024,
      "risk_exposure_mean": 0.10467317079742344,
      "risk_exposure_std": 0.13739914823972477,
      "gas_util_mean": 0.9996732625,
      "gas_util_std": 0.00020397936285014082,
      "risky_rank_mean": 0.38408296619869453,
      "risky_rank_std": 0.08095650228578229,
      "packing_ratio_mean": 0.62375,
      "packing_ratio_std": 0.03589868072475334,
      "top10_risk_mean": 0.0,
      "top10_risk_std": 0.0,
      "late_promo_mean": 0.1810541055803906,
      "late_promo_std": 0.03223949047216976
    },
    "fee_risk_linear": {
      "block_fee_mean": 1495.7030152604334,
      "block_fee_std": 126.04998992303396,
      "fairness_mean": 0.8217025047836148,
      "fairness_std": 0.022683500130445795,
      "risk_exposure_mean": 0.06111098694309863,
      "risk_exposure_std": 0.052682981369430226,
      "gas_util_mean": 0.9996740427083334,
      "gas_util_std": 0.0002038522317203999,
      "risky_rank_mean": 0.6759379202808762,
      "risky_rank_std": 0.06420195915042923,
      "packing_ratio_mean": 0.620625,
      "packing_ratio_std": 0.036155888370898705,
      "top10_risk_mean": 0.056361530357757136,
      "top10_risk_std": 0.059530365624717634,