{
  "variant": "reward_Ours-FullBalanced",
  "seed": 42,
  "shared_pool_path": "results_dryrun_full_rerun_20260323_gpu/ablation/shared_pools/seed_42.json",
  "metrics": {
    "block_fee_mean": 1572.1133404398133,
    "block_fee_std": 135.5265218961751,
    "fairness_mean": 0.9303831822344882,
    "fairness_std": 0.018516069948014028,
    "risk_exposure_mean": 0.26583491144146554,
    "risk_exposure_std": 0.07050933452732518,
    "gas_util_mean": 0.999639753125,
    "gas_util_std": 0.00019046706952533722,
    "risky_rank_mean": 0.47324630022369396,
    "risky_rank_std": 0.06563822089949693,
    "packing_ratio_mean": 0.6011458333333334,
    "packing_ratio_std": 0.04149639689010493,
    "top10_risk_mean": 0.24599646327829378,
    "top10_risk_std": 0.0986900326212173,
    "late_promo_mean": 0.004475598744338024,
    "late_promo_std": 0.007546258664413972,
    "oldest_coverage_mean": 1.0,
    "oldest_coverage_std": 0.0,
    "starvation_gap_mean": 0.0,
    "starvation_gap_std": 0.0,
    "tail_wait_reduction_mean": 1.0,
    "tail_wait_reduction_std": 0.0,
    "selected_wait_std_mean": 56.88973285756003,
    "selected_wait_std_std": 7.579730373362108,
    "block_fee_norm_mean": 0.6453682811344346,
    "block_fee_norm_std": 0.0482785760978071,
    "composite_score_mean": 0.5875761257241028,
    "composite_score_std": 0.021424521939482855
  }
}