{
  "variant": "struct_Ours-Full",
  "seed": 42,
  "shared_pool_path": "results_formal_full_20260324_r1/ablation/shared_pools/seed_42.json",
  "metrics": {
    "block_fee_mean": 1792.714181015774,
    "block_fee_std": 157.23635110809224,
    "fairness_mean": 0.8637239644333832,
    "fairness_std": 0.03366761240912599,
    "risk_exposure_mean": 0.2176345018517572,
    "risk_exposure_std": 0.08940053007683449,
    "edge_risk_ratio_mean": 0.1084930649518666,
    "edge_risk_ratio_std": 0.051265426659215546,
    "gas_util_mean": 0.9996645781666667,
    "gas_util_std": 0.00027862392145442245,
    "risky_rank_mean": 0.5846719896442868,
    "risky_rank_std": 0.07019561392536668,
    "packing_ratio_mean": 0.7108833333333332,
    "packing_ratio_std": 0.050120385628559916,
    "top10_risk_mean": 0.07796112763113705,
    "top10_risk_std": 0.06641226192761863,
    "late_promo_mean": 0.0577850148033272,
    "late_promo_std": 0.031196973651601873,
    "oldest_coverage_mean": 0.9974166666666667,
    "oldest_coverage_std": 0.0070901927571352715,
    "starvation_gap_mean": 0.0025833333333333385,
    "starvation_gap_std": 0.0070901927571352715,
    "tail_wait_reduction_mean": 0.9996666666666667,
    "tail_wait_reduction_std": 0.003316624790355399,
    "selected_wait_std_mean": 73.78395526950304,
    "selected_wait_std_std": 9.327394710232841,
    "wait_p95_mean": 293.3255454417959,
    "wait_p95_std": 26.424858965326568,
    "wait_p99_mean": 301.7859075782373,
    "wait_p99_std": 26.659552873305888,
    "wait_gini_mean": 0.22541125697153114,
    "wait_gini_std": 0.033793610773196356,
    "block_fee_norm_mean": 0.7427648968639431,
    "block_fee_norm_std": 0.05024505630136088,
    "composite_score_mean": 0.6191225494835716,
    "composite_score_std": 0.023318954001338526,
    "constrained_fee_score_mean": -0.8304100886965929,
    "constrained_fee_score_std": 0.5089524023877522,
    "risk_adjusted_fee_score_mean": 0.6557110961232402,
    "risk_adjusted_fee_score_std": 0.060898421347050986
  }
}