{
  "variant": "struct_No-ActionMask",
  "seed": 42,
  "shared_pool_path": "results_dryrun_full_rerun_20260323_gpu/ablation/shared_pools/seed_42.json",
  "metrics": {
    "block_fee_mean": 112.62767595976545,
    "block_fee_std": 69.97717741007608,
    "fairness_mean": 0.9990421129655713,
    "fairness_std": 0.0010070203039694004,
    "risk_exposure_mean": 0.22499999999999998,
    "risk_exposure_std": 0.2702236727848494,
    "gas_util_mean": 0.1062324,
    "gas_util_std": 0.07434609115418736,
    "risky_rank_mean": 0.3973895509160602,
    "risky_rank_std": 0.1755568168139329,
    "packing_ratio_mean": 0.04010416666666666,
    "packing_ratio_std": 0.025556098084518995,
    "top10_risk_mean": 0.4270833333333333,
    "top10_risk_std": 0.4712894177443175,
    "late_promo_mean": 0.0,
    "late_promo_std": 0.0,
    "oldest_coverage_mean": 0.19947916666666665,
    "oldest_coverage_std": 0.1264145225455393,
    "starvation_gap_mean": 0.8005208333333333,
    "starvation_gap_std": 0.12641452254553928,
    "tail_wait_reduction_mean": 0.34791666666666665,
    "tail_wait_reduction_std": 0.18426609307074254,
    "selected_wait_std_mean": 7.529228014717583,
    "selected_wait_std_std": 4.50901833424285,
    "block_fee_norm_mean": 0.046359562308367436,
    "block_fee_norm_std": 0.029267987681923124,
    "composite_score_mean": 0.2532262281647398,
    "composite_score_std": 0.055387158655895226
  }
}