{
  "variant": "struct_No-SeqSummary",
  "seed": 42,
  "shared_pool_path": "results_dryrun_full_rerun_20260323_gpu/ablation/shared_pools/seed_42.json",
  "metrics": {
    "block_fee_mean": 1649.1133164654952,
    "block_fee_std": 138.28055195830743,
    "fairness_mean": 0.9114179339919264,
    "fairness_std": 0.03166408263641545,
    "risk_exposure_mean": 0.21720366975616806,
    "risk_exposure_std": 0.062338050031966394,
    "gas_util_mean": 0.99961196875,
    "gas_util_std": 0.000248827535645997,
    "risky_rank_mean": 0.475855016055083,
    "risky_rank_std": 0.06049389390976808,
    "packing_ratio_mean": 0.6422916666666667,
    "packing_ratio_std": 0.05123094157830793,
    "top10_risk_mean": 0.1948901251957686,
    "top10_risk_std": 0.09252254373246542,
    "late_promo_mean": 0.0044150249897344195,
    "late_promo_std": 0.006766046075616506,
    "oldest_coverage_mean": 1.0,
    "oldest_coverage_std": 0.0,
    "starvation_gap_mean": 0.0,
    "starvation_gap_std": 0.0,
    "tail_wait_reduction_mean": 1.0,
    "tail_wait_reduction_std": 0.0,
    "selected_wait_std_mean": 62.09163493383322,
    "selected_wait_std_std": 9.402810716170226,
    "block_fee_norm_mean": 0.6773122257129496,
    "block_fee_norm_std": 0.053383556314089614,
    "composite_score_mean": 0.6053386398319278,
    "composite_score_std": 0.020496815458192184
  }
}