{
  "variant": "reward_Ours-FeeOnly",
  "seed": 42,
  "shared_pool_path": "results_dryrun_full/ablation/shared_pools/seed_42.json",
  "metrics": {
    "block_fee_mean": 1906.3865671550393,
    "block_fee_std": 127.86665409716544,
    "fairness_mean": 0.8207227699634767,
    "fairness_std": 0.020590696685582575,
    "risk_exposure_mean": 0.29857149598895805,
    "risk_exposure_std": 0.08501798558631414,
    "gas_util_mean": 0.9991847781250001,
    "gas_util_std": 0.0005754096386614879,
    "risky_rank_mean": 0.3703043056458677,
    "risky_rank_std": 0.05010420700084035,
    "packing_ratio_mean": 0.7090624999999999,
    "packing_ratio_std": 0.035121163046658924,
    "top10_risk_mean": 0.37837838172506366,
    "top10_risk_std": 0.12576960699209933,
    "late_promo_mean": 0.21820014419129874,
    "late_promo_std": 0.05059760187592596
  }
}