{
  "variant": "reward_Ours-Age+Risk",
  "seed": 42,
  "shared_pool_path": "results_formal_full_20260324_r1/ablation/shared_pools/seed_42.json",
  "metrics": {
    "block_fee_mean": 1766.9910997741877,
    "block_fee_std": 160.2588196566207,
    "fairness_mean": 0.8795313009623286,
    "fairness_std": 0.03102351255073409,
    "risk_exposure_mean": 0.20864522340630637,
    "risk_exposure_std": 0.07926140923994963,
    "edge_risk_ratio_mean": 0.11727051911777817,
    "edge_risk_ratio_std": 0.0518205899879967,
    "gas_util_mean": 0.9996366373333333,
    "gas_util_std": 0.00021863726241730247,
    "risky_rank_mean": 0.5385146068170963,
    "risky_rank_std": 0.06507205817277575,
    "packing_ratio_mean": 0.6860166666666667,
    "packing_ratio_std": 0.05132001721226004,
    "top10_risk_mean": 0.1090968366456908,
    "top10_risk_std": 0.08073222404124436,
    "late_promo_mean": 0.0672765337236336,
    "late_promo_std": 0.03616224196015864,
    "oldest_coverage_mean": 0.9989166666666668,
    "oldest_coverage_std": 0.00647162610511798,
    "starvation_gap_mean": 0.001083333333333335,
    "starvation_gap_std": 0.006471626105117979,
    "tail_wait_reduction_mean": 0.9998333333333334,
    "tail_wait_reduction_std": 0.002351122663277647,
    "selected_wait_std_mean": 70.55763392439464,
    "selected_wait_std_std": 9.013045845101315,
    "wait_p95_mean": 293.6753563737947,
    "wait_p95_std": 26.454868275402774,
    "wait_p99_mean": 301.8573415157583,
    "wait_p99_std": 26.664101152970016,
    "wait_gini_mean": 0.2092879719799165,
    "wait_gini_std": 0.032155665256248626,
    "block_fee_norm_mean": 0.7320695611390343,
    "block_fee_norm_std": 0.05194491181477972,
    "composite_score_mean": 0.6208191050149346,
    "composite_score_std": 0.021283655740797963,
    "constrained_fee_score_mean": -0.5937725112720221,
    "constrained_fee_score_std": 0.7231967544557101,
    "risk_adjusted_fee_score_mean": 0.6486114717765118,
    "risk_adjusted_fee_score_std": 0.05750661818652728
  }
}