{
  "variant": "reward_Ours-Age+Risk",
  "seed": 42,
  "shared_pool_path": "results_dryrun_full_20260324_r1/ablation/shared_pools/seed_42.json",
  "metrics": {
    "block_fee_mean": 1697.1349906532778,
    "block_fee_std": 129.09906660406043,
    "fairness_mean": 0.9139283271856835,
    "fairness_std": 0.02450263459610719,
    "risk_exposure_mean": 0.21244272895843597,
    "risk_exposure_std": 0.05518460643489286,
    "edge_risk_ratio_mean": 0.14878651707393484,
    "edge_risk_ratio_std": 0.05127613224444544,
    "gas_util_mean": 0.9995888708333334,
    "gas_util_std": 0.00019350259504253233,
    "risky_rank_mean": 0.48390746708674304,
    "risky_rank_std": 0.06485370539867816,
    "packing_ratio_mean": 0.6417708333333334,
    "packing_ratio_std": 0.040268063363952986,
    "top10_risk_mean": 0.16992761468622536,
    "top10_risk_std": 0.09929280706516043,
    "late_promo_mean": 0.012831749944228442,
    "late_promo_std": 0.014134952027299382,
    "oldest_coverage_mean": 1.0,
    "oldest_coverage_std": 0.0,
    "starvation_gap_mean": 0.0,
    "starvation_gap_std": 0.0,
    "tail_wait_reduction_mean": 1.0,
    "tail_wait_reduction_std": 0.0,
    "selected_wait_std_mean": 61.57974523332215,
    "selected_wait_std_std": 8.415686672432349,
    "wait_p95_mean": 295.3412686648037,
    "wait_p95_std": 19.165799545077153,
    "wait_p99_mean": 303.17362283105444,
    "wait_p99_std": 19.72726074221529,
    "wait_gini_mean": 0.17456775481153186,
    "wait_gini_std": 0.027271771713540807,
    "block_fee_norm_mean": 0.6970113359646399,
    "block_fee_norm_std": 0.04823840854234755,
    "composite_score_mean": 0.6147980703905898,
    "composite_score_std": 0.018959612583318346,
    "constrained_fee_score_mean": -0.05041243020867146,
    "constrained_fee_score_std": 0.8380800017610468,
    "risk_adjusted_fee_score_mean": 0.6120342443812656,
    "risk_adjusted_fee_score_std": 0.053713061188271544
  }
}