{
  "variant": "struct_No-SeqSummary",
  "seed": 42,
  "shared_pool_path": "results_dryrun_full_20260324_r1/ablation/shared_pools/seed_42.json",
  "metrics": {
    "block_fee_mean": 1667.8621532636857,
    "block_fee_std": 131.35280721228116,
    "fairness_mean": 0.9134892256611404,
    "fairness_std": 0.028505090567677183,
    "risk_exposure_mean": 0.21041413001391934,
    "risk_exposure_std": 0.061922814752536755,
    "edge_risk_ratio_mean": 0.147064417157023,
    "edge_risk_ratio_std": 0.05631024390110259,
    "gas_util_mean": 0.9996276260416667,
    "gas_util_std": 0.00018873411388893702,
    "risky_rank_mean": 0.4787690810485288,
    "risky_rank_std": 0.057431791129781216,
    "packing_ratio_mean": 0.6426041666666666,
    "packing_ratio_std": 0.04539742998568923,
    "top10_risk_mean": 0.17258421389150624,
    "top10_risk_std": 0.09331522367885041,
    "late_promo_mean": 0.007812228301925635,
    "late_promo_std": 0.008474958907426455,
    "oldest_coverage_mean": 1.0,
    "oldest_coverage_std": 0.0,
    "starvation_gap_mean": 0.0,
    "starvation_gap_std": 0.0,
    "tail_wait_reduction_mean": 1.0,
    "tail_wait_reduction_std": 0.0,
    "selected_wait_std_mean": 61.52848413066964,
    "selected_wait_std_std": 8.52530734857937,
    "wait_p95_mean": 295.2767242329371,
    "wait_p95_std": 19.258011991577046,
    "wait_p99_mean": 303.1739313663528,
    "wait_p99_std": 19.740544190995948,
    "wait_gini_mean": 0.17503964935916497,
    "wait_gini_std": 0.030443855003093052,
    "block_fee_norm_mean": 0.6849343853054295,
    "block_fee_norm_std": 0.04913690768728089,
    "composite_score_mean": 0.610263234534673,
    "composite_score_std": 0.021022333925005045,
    "constrained_fee_score_mean": -0.06020823553926714,
    "constrained_fee_score_std": 0.8294778915707017,
    "risk_adjusted_fee_score_mean": 0.6007687332998617,
    "risk_adjusted_fee_score_std": 0.057592533786345525
  }
}