{
  "variant": "struct_No-SeqSummary",
  "seed": 42,
  "shared_pool_path": "results_dryrun_full/ablation/shared_pools/seed_42.json",
  "metrics": {
    "block_fee_mean": 1870.7092951677012,
    "block_fee_std": 124.75198122157579,
    "fairness_mean": 0.8566397509622466,
    "fairness_std": 0.028512759636308498,
    "risk_exposure_mean": 0.212555241387204,
    "risk_exposure_std": 0.07668245829305814,
    "gas_util_mean": 0.99939230625,
    "gas_util_std": 0.0005124570572413771,
    "risky_rank_mean": 0.4982007094743703,
    "risky_rank_std": 0.06994156186480903,
    "packing_ratio_mean": 0.7088541666666667,
    "packing_ratio_std": 0.04317768018284705,
    "top10_risk_mean": 0.14153526004570055,
    "top10_risk_std": 0.09300386605959915,
    "late_promo_mean": 0.10157094358170263,
    "late_promo_std": 0.03496160541067747
  }
}