{
  "settings": {
    "oldest_ratio": 0.2,
    "tail_quantile": 0.9
  },
  "metrics": [
    "fairness",
    "oldest_coverage",
    "starvation_gap",
    "tail_wait_reduction",
    "selected_wait_std",
    "wait_p95",
    "wait_p99",
    "wait_gini",
    "composite_score"
  ],
  "methods": {
    "ours": {
      "fairness_mean": 0.8649735318876838,
      "fairness_std": 0.032712285609726895,
      "oldest_coverage_mean": 0.9982166666666668,
      "oldest_coverage_std": 0.0066573059282432215,
      "starvation_gap_mean": 0.0017833333333333369,
      "starvation_gap_std": 0.0066573059282432215,
      "tail_wait_reduction_mean": 0.9997,
      "tail_wait_reduction_std": 0.003483133965586483,
      "selected_wait_std_mean": 73.80844694757451,
      "selected_wait_std_std": 9.255906869862509,
      "wait_p95_mean": 294.3828743982215,
      "wait_p95_std": 25.38204904712072,
      "wait_p99_mean": 303.01747026274444,
      "wait_p99_std": 25.859590283817226,
      "wait_gini_mean": 0.2242794096267668,
      "wait_gini_std": 0.03283744385353498,
      "composite_score_mean": 0.6206963815199906,
      "composite_score_std": 0.023494092448366564
    },
    "fifo": {
      "fairness_mean": 0.9336581219984896,
      "fairness_std": 0.0198754787222175,
      "oldest_coverage_mean": 1.0,
      "oldest_coverage_std": 0.0,
      "starvation_gap_mean": 0.0,
      "starvation_gap_std": 0.0,
      "tail_wait_reduction_mean": 1.0,
      "tail_wait_reduction_std": 0.0,
      "selected_wait_std_mean": 55.1857558416238,
      "selected_wait_std_std": 8.070685488395881,
      "wait_p95_mean": 295.71541390495724,
      "wait_p95_std": 25.433054586217438,
      "wait_p99_mean": 303.3015497087667,
      "wait_p99_std": 25.8897616697969,
      "wait_gini_mean": 0.1518589387550498,
      "wait_gini_std": 0.024461679627164633,
      "composite_score_mean": 0.5929572480377692,
      "composite_score_std": 0.02445818969631285
    },
    "gas": {
      "fairness_mean": 0.8266280469775013,
      "fairness_std": 0.02433739460088463,
      "oldest_coverage_mean": 0.9275833333333332,
      "oldest_coverage_std": 0.03930639967684085,
      "starvation_gap_mean": 0.07241666666666668,
      "starvation_gap_std": 0.03930639967684085,
      "tail_wait_reduction_mean": 0.9669666666666668,
      "tail_wait_reduction_std": 0.034591569300433105,
      "selected_wait_std_mean": 83.65468860653495,
      "selected_wait_std_std": 8.47532471562871,
      "wait_p95_mean": 295.6286974107099,
      "wait_p95_std": 25.422337454982568,
      "wait_p99_mean": 303.29789068955745,
      "wait_p99_std": 25.89025944850369,
      "wait_gini_mean": 0.2602143905771757,
      "wait_gini_std": 0.023746303162078986,
      "composite_score_mean": 0.533995040405277,
      "composite_score_std": 0.03642194992046566
    },
    "heuristic": {
      "fairness_mean": 0.8260846950810687,
      "fairness_std": 0.02411114729185776,
      "oldest_coverage_mean": 0.92885,
      "oldest_coverage_std": 0.03927339713116528,
      "starvation_gap_mean": 0.07115,
      "starvation_gap_std": 0.03927339713116529,
      "tail_wait_reduction_mean": 0.9683333333333335,
      "tail_wait_reduction_std": 0.033821426476257445,
      "selected_wait_std_mean": 83.71518600835188,
      "selected_wait_std_std": 8.424698236702847,
      "wait_p95_mean": 295.5994098866816,
      "wait_p95_std": 25.413750930955192,
      "wait_p99_mean": 303.2892046532553,
      "wait_p99_std": 25.890346709538424,
      "wait_gini_mean": 0.2607756131633007,
      "wait_gini_std": 0.02349823129983411,
      "composite_score_mean": 0.5821250088165132,
      "composite_score_std": 0.023739578417392174
    },
    "fee_risk_linear": {
      "fairness_mean": 0.8265689919818162,
      "fairness_std": 0.024549891631525298,
      "oldest_coverage_mean": 0.9271166666666666,
      "oldest_coverage_std": 0.03902944401346244,
      "starvation_gap_mean": 0.07288333333333336,
      "starvation_gap_std": 0.03902944401346244,
      "tail_wait_reduction_mean": 0.9662333333333334,
      "tail_wait_reduction_std": 0.0351003482097321,
      "selected_wait_std_mean": 83.61767985700632,
      "selected_wait_std_std": 8.417870371469114,
      "wait_p95_mean": 295.65263551082245,
      "wait_p95_std": 25.42943316931033,
      "wait_p99_mean": 303.2938418370558,
      "wait_p99_std": 25.892751782213466,
      "wait_gini_mean": 0.26028827414109984,
      "wait_gini_std": 0.023945851186952586,
      "composite_score_mean": 0.5874347371630859,
      "composite_score_std": 0.033395725699670226
    },
    "fair_fee": {
      "fairness_mean": 0.8502929221833584,
      "fairness_std": 0.04037022197578192,
      "oldest_coverage_mean": 0.9033666666666665,
      "oldest_coverage_std": 0.04089687572962565,
      "starvation_gap_mean": 0.09663333333333333,
      "starvation_gap_std": 0.04089687572962565,
      "tail_wait_reduction_mean": 0.9458333333333335,
      "tail_wait_reduction_std": 0.04302938272596735,
      "selected_wait_std_mean": 77.09643282225646,
      "selected_wait_std_std": 10.817990711019382,
      "wait_p95_mean": 295.52775780886776,
      "wait_p95_std": 25.420881633536027,
      "wait_p99_mean": 303.27589845586004,
      "wait_p99_std": 25.882197076263694,
      "wait_gini_mean": 0.23882257945924373,
      "wait_gini_std": 0.039352748831909465,
      "composite_score_mean": 0.5010109863383284,
      "composite_score_std": 0.028048192376419093
    }
  }
}