{
  "ours": {
    "block_fee_mean": 1795.957982600477,
    "block_fee_std": 160.59385275971198,
    "fairness_mean": 0.8649735318876838,
    "fairness_std": 0.032712285609726895,
    "risk_exposure_mean": 0.21444881500996923,
    "risk_exposure_std": 0.08984991265277702,
    "edge_risk_ratio_mean": 0.10396405823687911,
    "edge_risk_ratio_std": 0.048120136109233366,
    "gas_util_mean": 0.9996298533333333,
    "gas_util_std": 0.0003243479183531159,
    "risky_rank_mean": 0.5876207819078277,
    "risky_rank_std": 0.06408468833410853,
    "packing_ratio_mean": 0.7110899999999999,
    "packing_ratio_std": 0.04878388520357471,
    "top10_risk_mean": 0.07225170102754368,
    "top10_risk_std": 0.06051335700352849,
    "late_promo_mean": 0.05830104383208048,
    "late_promo_std": 0.031184538692996044,
    "oldest_coverage_mean": 0.9982166666666668,
    "oldest_coverage_std": 0.0066573059282432215,
    "starvation_gap_mean": 0.0017833333333333369,
    "starvation_gap_std": 0.0066573059282432215,
    "tail_wait_reduction_mean": 0.9997,
    "tail_wait_reduction_std": 0.003483133965586483,
    "selected_wait_std_mean": 73.80844694757451,
    "selected_wait_std_std": 9.255906869862509,
    "wait_p95_mean": 294.3828743982215,
    "wait_p95_std": 25.38204904712072,
    "wait_p99_mean": 303.01747026274444,
    "wait_p99_std": 25.859590283817226,
    "wait_gini_mean": 0.2242794096267668,
    "wait_gini_std": 0.03283744385353498,
    "block_fee_norm_mean": 0.7440256538751587,
    "block_fee_norm_std": 0.04948587572551518,
    "composite_score_mean": 0.6206963815199906,
    "composite_score_std": 0.023494092448366564,
    "constrained_fee_score_mean": -0.8248749351854565,
    "constrained_fee_score_std": 0.5169631631697422,
    "risk_adjusted_fee_score_mean": 0.658246127871171,
    "risk_adjusted_fee_score_std": 0.059991335025710205
  },
  "fifo": {
    "block_fee_mean": 1499.38920415681,
    "block_fee_std": 158.86924553601247,
    "fairness_mean": 0.9336581219984896,
    "fairness_std": 0.0198754787222175,
    "risk_exposure_mean": 0.19442553613686395,
    "risk_exposure_std": 0.07699421924271148,
    "edge_risk_ratio_mean": 0.12775344523150084,
    "edge_risk_ratio_std": 0.055433069941306194,
    "gas_util_mean": 0.9996622276333332,
    "gas_util_std": 0.00020103662709333598,
    "risky_rank_mean": 0.4965052748005946,
    "risky_rank_std": 0.05784865134287942,
    "packing_ratio_mean": 0.62086,
    "packing_ratio_std": 0.04423817305851989,
    "top10_risk_mean": 0.1332373891599494,
    "top10_risk_std": 0.080124523782668,
    "late_promo_mean": 0.0,
    "late_promo_std": 0.0,
    "oldest_coverage_mean": 1.0,
    "oldest_coverage_std": 0.0,
    "starvation_gap_mean": 0.0,
    "starvation_gap_std": 0.0,
    "tail_wait_reduction_mean": 1.0,
    "tail_wait_reduction_std": 0.0,
    "selected_wait_std_mean": 55.1857558416238,
    "selected_wait_std_std": 8.070685488395881,
    "wait_p95_mean": 295.71541390495724,
    "wait_p95_std": 25.433054586217438,
    "wait_p99_mean": 303.3015497087667,
    "wait_p99_std": 25.8897616697969,
    "wait_gini_mean": 0.1518589387550498,
    "wait_gini_std": 0.024461679627164633,
    "block_fee_norm_mean": 0.6210695619137991,
    "block_fee_norm_std": 0.05301939229797701,
    "composite_score_mean": 0.5929572480377692,
    "composite_score_std": 0.02445818969631285,
    "constrained_fee_score_mean": 0.34614235653284586,
    "constrained_fee_score_std": 0.6066815470815066,
    "risk_adjusted_fee_score_mean": 0.5432993474590535,
    "risk_adjusted_fee_score_std": 0.06057583784507437
  },
  "gas": {
    "block_fee_mean": 1577.5618225177427,
    "block_fee_std": 160.47133084749248,
    "fairness_mean": 0.8266280469775013,
    "fairness_std": 0.02433739460088463,
    "risk_exposure_mean": 0.3659870534615356,
    "risk_exposure_std": 0.10341519571930073,
    "edge_risk_ratio_mean": 0.25371111478708397,
    "edge_risk_ratio_std": 0.08394706821985036,
    "gas_util_mean": 0.9996709864,
    "gas_util_std": 0.00019828246897779303,
    "risky_rank_mean": 0.45661569358616666,
    "risky_rank_std": 0.06648351599485931,
    "packing_ratio_mean": 0.6191533333333334,
    "packing_ratio_std": 0.043915510294706174,
    "top10_risk_mean": 0.33740942894320197,
    "top10_risk_std": 0.11440829554338577,
    "late_promo_mean": 0.18630323841819307,
    "late_promo_std": 0.0449948515781212,
    "oldest_coverage_mean": 0.9275833333333332,
    "oldest_coverage_std": 0.03930639967684085,
    "starvation_gap_mean": 0.07241666666666668,
    "starvation_gap_std": 0.03930639967684085,
    "tail_wait_reduction_mean": 0.9669666666666668,
    "tail_wait_reduction_std": 0.034591569300433105,
    "selected_wait_std_mean": 83.65468860653495,
    "selected_wait_std_std": 8.47532471562871,
    "wait_p95_mean": 295.6286974107099,
    "wait_p95_std": 25.422337454982568,
    "wait_p99_mean": 303.29789068955745,
    "wait_p99_std": 25.89025944850369,
    "wait_gini_mean": 0.2602143905771757,
    "wait_gini_std": 0.023746303162078986,
    "block_fee_norm_mean": 0.6534948483830216,
    "block_fee_norm_std": 0.052785865201330995,
    "composite_score_mean": 0.533995040405277,
    "composite_score_std": 0.03642194992046566,
    "constrained_fee_score_mean": -1.0,
    "constrained_fee_score_std": 0.0,
    "risk_adjusted_fee_score_mean": 0.5071000269984073,
    "risk_adjusted_fee_score_std": 0.07866098380319814
  },
  "heuristic": {
    "block_fee_mean": 1528.135555875529,
    "block_fee_std": 168.2326681339904,
    "fairness_mean": 0.8260846950810687,
    "fairness_std": 0.02411114729185776,
    "risk_exposure_mean": 0.0850823626012089,
    "risk_exposure_std": 0.13250965492622982,
    "edge_risk_ratio_mean": 0.053990362827746725,
    "edge_risk_ratio_std": 0.09033933873193499,
    "gas_util_mean": 0.9996579585333333,
    "gas_util_std": 0.00020317920168731125,
    "risky_rank_mean": 0.37755613682151373,
    "risky_rank_std": 0.07995196205428834,
    "packing_ratio_mean": 0.6217633333333333,
    "packing_ratio_std": 0.04401908159474075,
    "top10_risk_mean": 0.0,
    "top10_risk_std": 0.0,
    "late_promo_mean": 0.19010948825198787,
    "late_promo_std": 0.04644437824054109,
    "oldest_coverage_mean": 0.92885,
    "oldest_coverage_std": 0.03927339713116528,
    "starvation_gap_mean": 0.07115,
    "starvation_gap_std": 0.03927339713116529,
    "tail_wait_reduction_mean": 0.9683333333333335,
    "tail_wait_reduction_std": 0.033821426476257445,
    "selected_wait_std_mean": 83.71518600835188,
    "selected_wait_std_std": 8.424698236702847,
    "wait_p95_mean": 295.5994098866816,
    "wait_p95_std": 25.413750930955192,
    "wait_p99_mean": 303.2892046532553,
    "wait_p99_std": 25.890346709538424,
    "wait_gini_mean": 0.2607756131633007,
    "wait_gini_std": 0.02349823129983411,
    "block_fee_norm_mean": 0.6332320189162194,
    "block_fee_norm_std": 0.05978721887852127,
    "composite_score_mean": 0.5821250088165132,
    "composite_score_std": 0.023739578417392174,
    "constrained_fee_score_mean": -1.0,
    "constrained_fee_score_std": 0.0,
    "risk_adjusted_fee_score_mean": 0.5991990738757359,
    "risk_adjusted_fee_score_std": 0.04897521323383786
  },
  "fee_risk_linear": {
    "block_fee_mean": 1570.2188873444475,
    "block_fee_std": 152.58587649368442,
    "fairness_mean": 0.8265689919818162,
    "fairness_std": 0.024549891631525298,
    "risk_exposure_mean": 0.09242475705160527,
    "risk_exposure_std": 0.09266487638148282,
    "edge_risk_ratio_mean": 0.06627292182277796,
    "edge_risk_ratio_std": 0.06928989680347315,
    "gas_util_mean": 0.9996717247333333,
    "gas_util_std": 0.00020059781313042075,
    "risky_rank_mean": 0.6692325205858145,
    "risky_rank_std": 0.06873431367992523,
    "packing_ratio_mean": 0.61946,
    "packing_ratio_std": 0.04611769436272084,
    "top10_risk_mean": 0.07817266530320609,
    "top10_risk_std": 0.06901918238941075,
    "late_promo_mean": 0.1585345806285559,
    "late_promo_std": 0.0419298805673352,