{
  "variant": "struct_No-SeqSummary",
  "seed": 42,
  "shared_pool_path": "results_formal_full_20260324_r1/ablation/shared_pools/seed_42.json",
  "metrics": {
    "block_fee_mean": 1777.935205300437,
    "block_fee_std": 161.70183250394228,
    "fairness_mean": 0.880376292121928,
    "fairness_std": 0.033746349713108414,
    "risk_exposure_mean": 0.20084576763369388,
    "risk_exposure_std": 0.08644236708683131,
    "edge_risk_ratio_mean": 0.11080770194979038,
    "edge_risk_ratio_std": 0.055378189631244946,
    "gas_util_mean": 0.9996369738333334,
    "gas_util_std": 0.00025941803171024454,
    "risky_rank_mean": 0.5588875711176948,
    "risky_rank_std": 0.06454027579990308,
    "packing_ratio_mean": 0.6964833333333335,
    "packing_ratio_std": 0.05219429247213403,
    "top10_risk_mean": 0.09619293052634686,
    "top10_risk_std": 0.07488589676483962,
    "late_promo_mean": 0.04603311094419304,
    "late_promo_std": 0.029433398708639258,
    "oldest_coverage_mean": 0.9991666666666668,
    "oldest_coverage_std": 0.003996526269427274,
    "starvation_gap_mean": 0.0008333333333333353,
    "starvation_gap_std": 0.003996526269427274,
    "tail_wait_reduction_mean": 1.0,
    "tail_wait_reduction_std": 0.0,
    "selected_wait_std_mean": 69.89611575426717,
    "selected_wait_std_std": 9.44416273571368,
    "wait_p95_mean": 293.52255150318024,
    "wait_p95_std": 26.436906181217733,
    "wait_p99_mean": 301.8226620454707,
    "wait_p99_std": 26.65910950694217,
    "wait_gini_mean": 0.20888769670134777,
    "wait_gini_std": 0.03452210720189252,
    "block_fee_norm_mean": 0.7364570889329741,
    "block_fee_norm_std": 0.05052678025588989,
    "composite_score_mean": 0.6243827550769329,
    "composite_score_std": 0.023138284723700272,
    "constrained_fee_score_mean": -0.50674810688262,
    "constrained_fee_score_std": 0.7721771883730609,
    "risk_adjusted_fee_score_mean": 0.6561187818794966,
    "risk_adjusted_fee_score_std": 0.06152132764342648
  }
}