{
  "variant": "struct_No-STOP",
  "seed": 42,
  "shared_pool_path": "results_dryrun_full_20260324_r1/ablation/shared_pools/seed_42.json",
  "metrics": {
    "block_fee_mean": 1682.675587542793,
    "block_fee_std": 113.15578067253466,
    "fairness_mean": 0.8315281417213619,
    "fairness_std": 0.024978213188141175,
    "risk_exposure_mean": 0.08612833280399784,
    "risk_exposure_std": 0.06743506617696139,
    "edge_risk_ratio_mean": 0.03948121962102226,
    "edge_risk_ratio_std": 0.030644513466859064,
    "gas_util_mean": 0.9992667333333334,
    "gas_util_std": 0.0005302913250044722,
    "risky_rank_mean": 0.5308724503788897,
    "risky_rank_std": 0.05266176693162291,
    "packing_ratio_mean": 0.7101041666666666,
    "packing_ratio_std": 0.0356534669402726,
    "top10_risk_mean": 0.004538690476190476,
    "top10_risk_std": 0.01846542717565663,
    "late_promo_mean": 0.1625313274477025,
    "late_promo_std": 0.04527321305070639,
    "oldest_coverage_mean": 0.99375,
    "oldest_coverage_std": 0.010825317547305492,
    "starvation_gap_mean": 0.006250000000000009,
    "starvation_gap_std": 0.010825317547305492,
    "tail_wait_reduction_mean": 1.0,
    "tail_wait_reduction_std": 0.0,
    "selected_wait_std_mean": 81.38324947679696,
    "selected_wait_std_std": 7.12167210183477,
    "wait_p95_mean": 294.29134680569507,
    "wait_p95_std": 19.38281839024796,
    "wait_p99_mean": 302.97108545387255,
    "wait_p99_std": 19.684862626949947,
    "wait_gini_mean": 0.25602664729132907,
    "wait_gini_std": 0.024355921676225096,
    "block_fee_norm_mean": 0.690833424284587,
    "block_fee_norm_std": 0.035855073310657695,
    "composite_score_mean": 0.6160522385833758,
    "composite_score_std": 0.0217860475632207,
    "constrained_fee_score_mean": -1.0,
    "constrained_fee_score_std": 0.0,
    "risk_adjusted_fee_score_mean": 0.6563820911629878,
    "risk_adjusted_fee_score_std": 0.052232544173969525
  }
}