{
  "variant": "reward_Ours-Age+TerminalFair",
  "seed": 42,
  "shared_pool_path": "results_dryrun_full_20260324_r1/ablation/shared_pools/seed_42.json",
  "metrics": {
    "block_fee_mean": 1772.4710065743902,
    "block_fee_std": 119.78424346934837,
    "fairness_mean": 0.8826526085266909,
    "fairness_std": 0.030220762697017716,
    "risk_exposure_mean": 0.25734329578309223,
    "risk_exposure_std": 0.06930273814243801,
    "edge_risk_ratio_mean": 0.20223205438735373,
    "edge_risk_ratio_std": 0.05940422136601668,
    "gas_util_mean": 0.9996468322916666,
    "gas_util_std": 0.0001992445033544761,
    "risky_rank_mean": 0.4258473708540273,
    "risky_rank_std": 0.06956756964050195,
    "packing_ratio_mean": 0.6741666666666667,
    "packing_ratio_std": 0.04411947163983017,
    "top10_risk_mean": 0.30741140559441305,
    "top10_risk_std": 0.12658459339955044,
    "late_promo_mean": 0.04130581658327084,
    "late_promo_std": 0.021257087885524002,
    "oldest_coverage_mean": 1.0,
    "oldest_coverage_std": 0.0,
    "starvation_gap_mean": 0.0,
    "starvation_gap_std": 0.0,
    "tail_wait_reduction_mean": 1.0,
    "tail_wait_reduction_std": 0.0,
    "selected_wait_std_mean": 70.08190999486806,
    "selected_wait_std_std": 8.643520606492617,
    "wait_p95_mean": 294.8458113490981,
    "wait_p95_std": 19.282694263543274,
    "wait_p99_mean": 303.0650968611599,
    "wait_p99_std": 19.68755228528546,
    "wait_gini_mean": 0.20667004461250937,
    "wait_gini_std": 0.0313507728760561,
    "block_fee_norm_mean": 0.7280249090604044,
    "block_fee_norm_std": 0.04466546913947848,
    "composite_score_mean": 0.6104044565992162,
    "composite_score_std": 0.021841456917824142,
    "constrained_fee_score_mean": -0.8413407163110076,
    "constrained_fee_score_std": 0.4934560918385458,
    "risk_adjusted_fee_score_mean": 0.6250875907471675,
    "risk_adjusted_fee_score_std": 0.05779466536402046
  }
}