{
  "variant": "struct_No-ActionMask",
  "seed": 42,
  "shared_pool_path": "results_dryrun_full_20260324_r1/ablation/shared_pools/seed_42.json",
  "metrics": {
    "block_fee_mean": 130.440789497146,
    "block_fee_std": 90.28222444353284,
    "fairness_mean": 0.9986229966350417,
    "fairness_std": 0.0017520611903822816,
    "risk_exposure_mean": 0.2638392857142857,
    "risk_exposure_std": 0.2963648797873525,
    "edge_risk_ratio_mean": 0.3984375,
    "edge_risk_ratio_std": 0.3636800566346057,
    "gas_util_mean": 0.07894009791666667,
    "gas_util_std": 0.06126068578475487,
    "risky_rank_mean": 0.37166501543799335,
    "risky_rank_std": 0.18464570025927696,
    "packing_ratio_mean": 0.033125,
    "packing_ratio_std": 0.027887889396653882,
    "top10_risk_mean": 0.578125,
    "top10_risk_std": 0.48588474392081915,
    "late_promo_mean": 0.0,
    "late_promo_std": 0.0,
    "oldest_coverage_mean": 0.16458333333333336,
    "oldest_coverage_std": 0.1395522353417848,
    "starvation_gap_mean": 0.8354166666666667,
    "starvation_gap_std": 0.1395522353417848,
    "tail_wait_reduction_mean": 0.296875,
    "tail_wait_reduction_std": 0.24300768377769458,
    "selected_wait_std_mean": 8.624810584533222,
    "selected_wait_std_std": 6.5220073878359415,
    "wait_p95_mean": 265.37800909669306,
    "wait_p95_std": 102.03535576186864,
    "wait_p99_mean": 265.8657339355672,
    "wait_p99_std": 102.23151798205959,
    "wait_gini_mean": 0.015365303496004892,
    "wait_gini_std": 0.011036436837403246,
    "block_fee_norm_mean": 0.053737766749432814,
    "block_fee_norm_std": 0.03702781633016114,
    "composite_score_mean": 0.24307049871567643,
    "composite_score_std": 0.06759525170780654,
    "constrained_fee_score_mean": -1.0,
    "constrained_fee_score_std": 0.0,
    "risk_adjusted_fee_score_mean": -0.051797947536281475,
    "risk_adjusted_fee_score_std": 0.12017353751047681
  }
}