{
  "variant": "struct_No-ActionMask",
  "seed": 42,
  "shared_pool_path": "results_dryrun_gpu_20260324_defaultgpu/ablation/shared_pools/seed_42.json",
  "metrics": {
    "block_fee_mean": 89.88242161126304,
    "block_fee_std": 62.21985563871813,
    "fairness_mean": 0.99923845820013,
    "fairness_std": 0.0008643228660682477,
    "risk_exposure_mean": 0.18437499999999998,
    "risk_exposure_std": 0.30365074681559184,
    "gas_util_mean": 0.10447465104166666,
    "gas_util_std": 0.06976199048853934,
    "risky_rank_mean": 0.48588966499697195,
    "risky_rank_std": 0.2091371745250759,
    "packing_ratio_mean": 0.033437499999999995,
    "packing_ratio_std": 0.023474045581710498,
    "top10_risk_mean": 0.14583333333333331,
    "top10_risk_std": 0.34295995069071517,
    "late_promo_mean": 0.0,
    "late_promo_std": 0.0,
    "oldest_coverage_mean": 0.1671875,
    "oldest_coverage_std": 0.11737022790855249,
    "starvation_gap_mean": 0.8328125,
    "starvation_gap_std": 0.11737022790855249,
    "tail_wait_reduction_mean": 0.29791666666666666,
    "tail_wait_reduction_std": 0.1637107671406428,
    "selected_wait_std_mean": 6.7418852820131026,
    "selected_wait_std_std": 3.983739056215454,
    "block_fee_norm_mean": 0.037099639466851624,
    "block_fee_norm_std": 0.026338682353933638,
    "composite_score_mean": 0.2528525953367732,
    "composite_score_std": 0.06484135207554804,
    "constrained_fee_score_mean": 0.037099639466851624,
    "constrained_fee_score_std": 0.026338682353933638,
    "risk_adjusted_fee_score_mean": -0.03665036053314838,
    "risk_adjusted_fee_score_std": 0.11847321464025394
  }
}