{
  "variant": "struct_Ours-Full",
  "seed": 123,
  "shared_pool_path": "results_formal_full_20260324_r1/ablation/shared_pools/seed_123.json",
  "metrics": {
    "block_fee_mean": 1835.1560372913355,
    "block_fee_std": 173.22547107458706,
    "fairness_mean": 0.8566637746383301,
    "fairness_std": 0.03895818565445591,
    "risk_exposure_mean": 0.20907437221901162,
    "risk_exposure_std": 0.08579984207021811,
    "edge_risk_ratio_mean": 0.11033539331531152,
    "edge_risk_ratio_std": 0.04861689892334869,
    "gas_util_mean": 0.9994117510000001,
    "gas_util_std": 0.0007877122262455876,
    "risky_rank_mean": 0.5350716662395051,
    "risky_rank_std": 0.06200247033837069,
    "packing_ratio_mean": 0.7191833333333332,
    "packing_ratio_std": 0.05451961675499114,
    "top10_risk_mean": 0.09834491463876306,
    "top10_risk_std": 0.06822935635532913,
    "late_promo_mean": 0.06699799253480902,
    "late_promo_std": 0.03431081795132013,
    "oldest_coverage_mean": 0.9959166666666667,
    "oldest_coverage_std": 0.011486405007660154,
    "starvation_gap_mean": 0.00408333333333334,
    "starvation_gap_std": 0.011486405007660152,
    "tail_wait_reduction_mean": 0.9983333333333334,
    "tail_wait_reduction_std": 0.008660254037844383,
    "selected_wait_std_mean": 75.20352986720752,
    "selected_wait_std_std": 9.61250125787375,
    "wait_p95_mean": 294.1802610277715,
    "wait_p95_std": 25.641028791397996,
    "wait_p99_mean": 302.92423844752403,
    "wait_p99_std": 26.509895916035585,
    "wait_gini_mean": 0.23237944546227038,
    "wait_gini_std": 0.038163282065360196,
    "block_fee_norm_mean": 0.7618910137270773,
    "block_fee_norm_std": 0.051568299651002646,
    "composite_score_mean": 0.6264949747066112,
    "composite_score_std": 0.02388755219789104,
    "constrained_fee_score_mean": -0.8122836449549335,
    "constrained_fee_score_std": 0.534087194710598,
    "risk_adjusted_fee_score_mean": 0.6782612648394726,
    "risk_adjusted_fee_score_std": 0.05966133128019483
  }
}