{
  "variant": "reward_Ours-Age+Risk",
  "seed": 42,
  "shared_pool_path": "results_dryrun_full_rerun_20260323/ablation/shared_pools/seed_42.json",
  "metrics": {
    "block_fee_mean": 1565.1350770103088,
    "block_fee_std": 134.04764860012455,
    "fairness_mean": 0.9323999423370486,
    "fairness_std": 0.01899157253510164,
    "risk_exposure_mean": 0.2475580602385251,
    "risk_exposure_std": 0.0692897129621917,
    "gas_util_mean": 0.999683784375,
    "gas_util_std": 0.0002088863255763895,
    "risky_rank_mean": 0.46544746176407736,
    "risky_rank_std": 0.06732369475956666,
    "packing_ratio_mean": 0.5891666666666666,
    "packing_ratio_std": 0.041808093315369776,
    "top10_risk_mean": 0.24516415118679052,
    "top10_risk_std": 0.10015847384728141,
    "late_promo_mean": 0.00771798711868227,
    "late_promo_std": 0.008728342570707728,
    "oldest_coverage_mean": 1.0,
    "oldest_coverage_std": 0.0,
    "starvation_gap_mean": 0.0,
    "starvation_gap_std": 0.0,
    "tail_wait_reduction_mean": 1.0,
    "tail_wait_reduction_std": 0.0,
    "selected_wait_std_mean": 56.358222310170405,
    "selected_wait_std_std": 7.636229694902446,
    "block_fee_norm_mean": 0.6423045856815464,
    "block_fee_norm_std": 0.04491111199203486,
    "composite_score_mean": 0.5905102078091757,
    "composite_score_std": 0.022312257698970325
  }
}