{
  "variant": "struct_No-STOP",
  "seed": 123,
  "shared_pool_path": "results_formal_full_20260324_r1/ablation/shared_pools/seed_123.json",
  "metrics": {
    "block_fee_mean": 1856.6809133305226,
    "block_fee_std": 167.18981843050074,
    "fairness_mean": 0.8521323013392328,
    "fairness_std": 0.037094551871708535,
    "risk_exposure_mean": 0.20233460977946585,
    "risk_exposure_std": 0.08467085330040215,
    "edge_risk_ratio_mean": 0.11193457910618866,
    "edge_risk_ratio_std": 0.04898509902932038,
    "gas_util_mean": 0.9993117766666666,
    "gas_util_std": 0.0008706685320232754,
    "risky_rank_mean": 0.5410540241471855,
    "risky_rank_std": 0.056538591521321194,
    "packing_ratio_mean": 0.7313666666666666,
    "packing_ratio_std": 0.05116768728623781,
    "top10_risk_mean": 0.0980212889670118,
    "top10_risk_std": 0.06914717353301479,
    "late_promo_mean": 0.07849930006064257,
    "late_promo_std": 0.03298493507608297,
    "oldest_coverage_mean": 0.9975833333333334,
    "oldest_coverage_std": 0.00823230425417656,
    "starvation_gap_mean": 0.0024166666666666707,
    "starvation_gap_std": 0.00823230425417656,
    "tail_wait_reduction_mean": 0.9990000000000001,
    "tail_wait_reduction_std": 0.006591239977761728,
    "selected_wait_std_mean": 76.18059446309769,
    "selected_wait_std_std": 9.722661559392497,
    "wait_p95_mean": 294.01691222536436,
    "wait_p95_std": 25.59591855840648,
    "wait_p99_mean": 302.88386976660144,
    "wait_p99_std": 26.499388202654337,
    "wait_gini_mean": 0.2366332353675684,
    "wait_gini_std": 0.036374847693305894,
    "block_fee_norm_mean": 0.7709641832052668,
    "block_fee_norm_std": 0.04953962453663186,
    "composite_score_mean": 0.6305893266610219,
    "composite_score_std": 0.02310088266484514,
    "constrained_fee_score_mean": -0.853629345656995,
    "constrained_fee_score_std": 0.48051677426771194,
    "risk_adjusted_fee_score_mean": 0.6900303392934805,
    "risk_adjusted_fee_score_std": 0.05837326615523765
  }
}