{
  "variant": "reward_Ours-Age+TerminalFair",
  "seed": 42,
  "shared_pool_path": "results_dryrun_full_rerun_20260323/ablation/shared_pools/seed_42.json",
  "metrics": {
    "block_fee_mean": 1696.090157580433,
    "block_fee_std": 136.152947215925,
    "fairness_mean": 0.9031528967719019,
    "fairness_std": 0.03391112435493984,
    "risk_exposure_mean": 0.27935225702077293,
    "risk_exposure_std": 0.07660853054015272,
    "gas_util_mean": 0.99971960625,
    "gas_util_std": 0.00018107677784526458,
    "risky_rank_mean": 0.40961881953240814,
    "risky_rank_std": 0.06759533963879898,
    "packing_ratio_mean": 0.6359375,
    "packing_ratio_std": 0.0530116232996228,
    "top10_risk_mean": 0.36883332435281513,
    "top10_risk_std": 0.13987417959266668,
    "late_promo_mean": 0.034419869578163675,
    "late_promo_std": 0.020350647348735706,
    "oldest_coverage_mean": 1.0,
    "oldest_coverage_std": 0.0,
    "starvation_gap_mean": 0.0,
    "starvation_gap_std": 0.0,
    "tail_wait_reduction_mean": 1.0,
    "tail_wait_reduction_std": 0.0,
    "selected_wait_std_mean": 64.89476242753369,
    "selected_wait_std_std": 9.768298244964111,
    "block_fee_norm_mean": 0.696697476880698,
    "block_fee_norm_std": 0.05332586188964996,
    "composite_score_mean": 0.5985967635411001,
    "composite_score_std": 0.02449340217464364
  }
}