{
  "variant": "struct_No-SeqSummary",
  "seed": 42,
  "shared_pool_path": "results_dryrun_gpu_20260324_defaultgpu/ablation/shared_pools/seed_42.json",
  "metrics": {
    "block_fee_mean": 1720.681303434552,
    "block_fee_std": 130.0154122339153,
    "fairness_mean": 0.9031129376663007,
    "fairness_std": 0.029269370989959968,
    "risk_exposure_mean": 0.22288820103728424,
    "risk_exposure_std": 0.06180155878553234,
    "gas_util_mean": 0.9995963156250001,
    "gas_util_std": 0.00017317109353989318,
    "risky_rank_mean": 0.49072866659380776,
    "risky_rank_std": 0.0563700004077026,
    "packing_ratio_mean": 0.663125,
    "packing_ratio_std": 0.0436044204881926,
    "top10_risk_mean": 0.16938727748224314,
    "top10_risk_std": 0.08122891911936708,
    "late_promo_mean": 0.008600868145930774,
    "late_promo_std": 0.008905635831659316,
    "oldest_coverage_mean": 1.0,
    "oldest_coverage_std": 0.0,
    "starvation_gap_mean": 0.0,
    "starvation_gap_std": 0.0,
    "tail_wait_reduction_mean": 1.0,
    "tail_wait_reduction_std": 0.0,
    "selected_wait_std_mean": 64.38756134630202,
    "selected_wait_std_std": 8.878655885794942,
    "block_fee_norm_mean": 0.7067601591088022,
    "block_fee_norm_std": 0.05009334849282917,
    "composite_score_mean": 0.6139046578526393,
    "composite_score_std": 0.019304676277324247,
    "constrained_fee_score_mean": 0.7067601591088022,
    "constrained_fee_score_std": 0.05009334849282917,
    "risk_adjusted_fee_score_mean": 0.6176048786938884,
    "risk_adjusted_fee_score_std": 0.053488835247953365
  }
}