{
  "ours": {
    "block_fee_mean": 1682.9412025958964,
    "block_fee_std": 133.77594753786389,
    "fairness_mean": 0.9084511465142805,
    "fairness_std": 0.029558682282116985,
    "risk_exposure_mean": 0.20710763437200116,
    "risk_exposure_std": 0.06551953415671022,
    "edge_risk_ratio_mean": 0.14718787090541785,
    "edge_risk_ratio_std": 0.05492978001451693,
    "gas_util_mean": 0.9996679833333333,
    "gas_util_std": 0.00019733422842560947,
    "risky_rank_mean": 0.4787879962098081,
    "risky_rank_std": 0.05396355908610245,
    "packing_ratio_mean": 0.6502083333333333,
    "packing_ratio_std": 0.0459992262918024,
    "top10_risk_mean": 0.16959295684330178,
    "top10_risk_std": 0.07815232900445943,
    "late_promo_mean": 0.005419239995252603,
    "late_promo_std": 0.007197977024441927,
    "oldest_coverage_mean": 1.0,
    "oldest_coverage_std": 0.0,
    "starvation_gap_mean": 0.0,
    "starvation_gap_std": 0.0,
    "tail_wait_reduction_mean": 1.0,
    "tail_wait_reduction_std": 0.0,
    "selected_wait_std_mean": 62.98343734832969,
    "selected_wait_std_std": 8.907813167397292,
    "wait_p95_mean": 295.167436016686,
    "wait_p95_std": 19.205561514003577,
    "wait_p99_mean": 303.15283522487255,
    "wait_p99_std": 19.727520059601982,
    "wait_gini_mean": 0.18049248845377533,
    "wait_gini_std": 0.031301568915273796,
    "block_fee_norm_mean": 0.6911570486209012,
    "block_fee_norm_std": 0.05049939222463806,
    "composite_score_mean": 0.6121540792025304,
    "composite_score_std": 0.01679596068526201,
    "constrained_fee_score_mean": 0.09584191854379003,
    "constrained_fee_score_std": 0.7937971747020379,
    "risk_adjusted_fee_score_mean": 0.6083139948721008,
    "risk_adjusted_fee_score_std": 0.048288074822614165
  },
  "fifo": {
    "block_fee_mean": 1543.2682143147317,
    "block_fee_std": 144.62114410386903,
    "fairness_mean": 0.9267826364441214,
    "fairness_std": 0.019861398667653223,
    "risk_exposure_mean": 0.19493877571404777,
    "risk_exposure_std": 0.09077695220213779,
    "edge_risk_ratio_mean": 0.12931912348272642,
    "edge_risk_ratio_std": 0.06606156374535052,
    "gas_util_mean": 0.9996787739583333,
    "gas_util_std": 0.0001940514650618861,
    "risky_rank_mean": 0.49593776545713364,
    "risky_rank_std": 0.05905538516873379,
    "packing_ratio_mean": 0.6278125,
    "packing_ratio_std": 0.039366594120381924,
    "top10_risk_mean": 0.1374823394269989,
    "top10_risk_std": 0.0837149098145513,
    "late_promo_mean": 0.0,
    "late_promo_std": 0.0,
    "oldest_coverage_mean": 1.0,
    "oldest_coverage_std": 0.0,
    "starvation_gap_mean": 0.0,
    "starvation_gap_std": 0.0,
    "tail_wait_reduction_mean": 1.0,
    "tail_wait_reduction_std": 0.0,
    "selected_wait_std_mean": 57.52196426302896,
    "selected_wait_std_std": 7.611556113975403,
    "wait_p95_mean": 295.48674163866525,
    "wait_p95_std": 19.213111581152717,
    "wait_p99_mean": 303.22261548961177,
    "wait_p99_std": 19.739759259796035,
    "wait_gini_mean": 0.16055167200295195,
    "wait_gini_std": 0.02342642294563166,
    "block_fee_norm_mean": 0.633364806340577,
    "block_fee_norm_std": 0.05013109535966122,
    "composite_score_mean": 0.5960538265044515,
    "composite_score_std": 0.02783782800411378,
    "constrained_fee_score_mean": 0.3286962669562,
    "constrained_fee_score_std": 0.6398857951992839,
    "risk_adjusted_fee_score_mean": 0.5553892960549579,
    "risk_adjusted_fee_score_std": 0.06646709746076786
  },
  "gas": {
    "block_fee_mean": 1598.6113743430087,
    "block_fee_std": 140.50508219395843,
    "fairness_mean": 0.8231674814420475,
    "fairness_std": 0.02362953278958467,
    "risk_exposure_mean": 0.34170551134010335,
    "risk_exposure_std": 0.1015987751452875,
    "edge_risk_ratio_mean": 0.2378589799406605,
    "edge_risk_ratio_std": 0.08172528569576488,
    "gas_util_mean": 0.9997024822916667,
    "gas_util_std": 0.00018878469603558193,
    "risky_rank_mean": 0.4745865499553664,
    "risky_rank_std": 0.07208983159590852,
    "packing_ratio_mean": 0.6183333333333333,
    "packing_ratio_std": 0.03827894692618617,
    "top10_risk_mean": 0.3133395682834537,
    "top10_risk_std": 0.12368033876444591,
    "late_promo_mean": 0.17896542459454334,
    "late_promo_std": 0.026564041903147196,
    "oldest_coverage_mean": 0.9281250000000001,
    "oldest_coverage_std": 0.0443779341752933,
    "starvation_gap_mean": 0.07187500000000001,
    "starvation_gap_std": 0.0443779341752933,
    "tail_wait_reduction_mean": 0.9750000000000001,
    "tail_wait_reduction_std": 0.031180478223116172,
    "selected_wait_std_mean": 84.12076744293836,
    "selected_wait_std_std": 7.481452145044316,
    "wait_p95_mean": 295.544898140766,
    "wait_p95_std": 19.28771907726767,
    "wait_p99_mean": 303.2380074278608,
    "wait_p99_std": 19.78170270198183,
    "wait_gini_mean": 0.2639340487056506,
    "wait_gini_std": 0.022450157608148655,
    "block_fee_norm_mean": 0.6561491878384854,
    "block_fee_norm_std": 0.04868427902058827,
    "composite_score_mean": 0.5391291932278854,
    "composite_score_std": 0.037646738091216,
    "constrained_fee_score_mean": -1.0,
    "constrained_fee_score_std": 0.0,
    "risk_adjusted_fee_score_mean": 0.5194669833024441,
    "risk_adjusted_fee_score_std": 0.07756937094288285
  },
  "heuristic": {
    "block_fee_mean": 1542.9167305971,
    "block_fee_std": 138.05251115139262,
    "fairness_mean": 0.8216363349005634,
    "fairness_std": 0.024653993875745024,
    "risk_exposure_mean": 0.10467317079742344,
    "risk_exposure_std": 0.13739914823972477,
    "edge_risk_ratio_mean": 0.06740679824561403,
    "edge_risk_ratio_std": 0.0954011778979573,
    "gas_util_mean": 0.9996732625,
    "gas_util_std": 0.00020397936285014082,
    "risky_rank_mean": 0.38408296619869453,
    "risky_rank_std": 0.08095650228578229,
    "packing_ratio_mean": 0.62375,
    "packing_ratio_std": 0.03589868072475334,
    "top10_risk_mean": 0.0,
    "top10_risk_std": 0.0,
    "late_promo_mean": 0.18293840134803122,
    "late_promo_std": 0.030856539456991218,
    "oldest_coverage_mean": 0.9302083333333333,
    "oldest_coverage_std": 0.04457311019861388,
    "starvation_gap_mean": 0.0697916666666667,
    "starvation_gap_std": 0.04457311019861388,
    "tail_wait_reduction_mean": 0.9760416666666667,
    "tail_wait_reduction_std": 0.02532342871071503,
    "selected_wait_std_mean": 84.32749213435008,
    "selected_wait_std_std": 7.7190098153648,
    "wait_p95_mean": 295.5140844516212,
    "wait_p95_std": 19.303279719476777,
    "wait_p99_mean": 303.21387745802275,
    "wait_p99_std": 19.767570274791154,
    "wait_gini_mean": 0.26535252367041756,
    "wait_gini_std": 0.023113124219747972,
    "block_fee_norm_mean": 0.6336919638458354,
    "block_fee_norm_std": 0.05229313569618846,
    "composite_score_mean": 0.5774824851039903,
    "composite_score_std": 0.021892406105243248,
    "constrained_fee_score_mean": -1.0,
    "constrained_fee_score_std": 0.0,
    "risk_adjusted_fee_score_mean": 0.591822695526866,
    "risk_adjusted_fee_score_std": 0.04456710080935926
  },
  "fee_risk_linear": {
    "block_fee_mean": 1589.087771870135,
    "block_fee_std": 128.23501191654003,
    "fairness_mean": 0.8221099894528788,
    "fairness_std": 0.02234557867425231,
    "risk_exposure_mean": 0.07736994634296182,
    "risk_exposure_std": 0.08128705109214755,
    "edge_risk_ratio_mean": 0.053519992152562784,
    "edge_risk_ratio_std": 0.05693302697704225,
    "gas_util_mean": 0.9996629729166666,
    "gas_util_std": 0.00021461657063584998,
    "risky_rank_mean": 0.6731329400988214,
    "risky_rank_std": 0.06833869968580329,
    "packing_ratio_mean": 0.6172916666666667,
    "packing_ratio_std": 0.03340032331014511,
    "top10_risk_mean": 0.07275985229618162,
    "top10_risk_std": 0.06942373385576443,
    "late_promo_mean": 0.16389129187385282,
    "late_promo_std": 0.03512745000933692,
    "oldest_coverage_mean": 0.9276041666666667,
    "oldest_coverage_std": 0.04009740202688393,