{
  "No-SeqSummary": {
    "block_fee_mean": 1779.3528947700706,
    "block_fee_std": 1.4176894696336149,
    "fairness_mean": 0.8784164351112613,
    "fairness_std": 0.0019598570106666435,
    "risk_exposure_mean": 0.20369723768295972,
    "risk_exposure_std": 0.0028514700492658362,
    "gas_util_mean": 0.9996437035000001,
    "gas_util_std": 6.729666666649425e-06
  },
  "No-ActionMask": {
    "block_fee_mean": 295.42248225869156,
    "block_fee_std": 44.310260588265876,
    "fairness_mean": 0.9969236006249566,
    "fairness_std": 0.0005780142928889509,
    "risk_exposure_mean": 0.17453088011060147,
    "risk_exposure_std": 0.09005023322051185,
    "gas_util_mean": 0.20515993308333333,
    "gas_util_std": 0.01971400108333335
  },
  "No-STOP": {
    "block_fee_mean": 1753.0382622390798,
    "block_fee_std": 103.64265109144264,
    "fairness_mean": 0.8478192211935682,
    "fairness_std": 0.004313080145664561,
    "risk_exposure_mean": 0.1467517779443964,
    "risk_exposure_std": 0.05558283183506946,
    "gas_util_mean": 0.9992921725833332,
    "gas_util_std": 1.9604083333346622e-05
  },
  "Ours-Full": {
    "block_fee_mean": 1813.9351091535548,
    "block_fee_std": 21.220928137780675,
    "fairness_mean": 0.8601938695358566,
    "fairness_std": 0.0035300948975265367,
    "risk_exposure_mean": 0.21335443703538443,
    "risk_exposure_std": 0.004280064816372789,
    "gas_util_mean": 0.9995381645833334,
    "gas_util_std": 0.00012641358333326247
  }
}