{
  "fifo": {
    "block_fee_mean": 1497.4641055805996,
    "block_fee_std": 2.1484275454447994,
    "fairness_mean": 0.933994762794199,
    "fairness_std": 0.00024495098466858584,
    "risk_exposure_mean": 0.19370596041257218,
    "risk_exposure_std": 0.0007611464308637422,
    "gas_util_mean": 0.9996649369777777,
    "gas_util_std": 7.183168895333228e-06,
    "risky_rank_mean": 0.4976162192057186,
    "risky_rank_std": 0.001003045502941229,
    "packing_ratio_mean": 0.6211422222222222,
    "packing_ratio_std": 0.0004446582818910497,
    "top10_risk_mean": 0.13075992304834005,
    "top10_risk_std": 0.0017610468401143197,
    "late_promo_mean": 0.0,
    "late_promo_std": 0.0,
    "oldest_coverage_mean": 1.0,
    "oldest_coverage_std": 0.0,
    "starvation_gap_mean": 0.0,
    "starvation_gap_std": 0.0,
    "tail_wait_reduction_mean": 1.0,
    "tail_wait_reduction_std": 0.0,
    "selected_wait_std_mean": 55.20576195838581,
    "selected_wait_std_std": 0.06419691295276457,
    "composite_score_mean": 0.5931155441529666,
    "composite_score_std": 0.0001438653241748007,
    "constrained_fee_score_mean": 0.3755660529830244,
    "constrained_fee_score_std": 0.02097544579241888,
    "risk_adjusted_fee_score_mean": 0.5434127296772997,
    "risk_adjusted_fee_score_std": 0.00022053584098886538
  },
  "gas": {
    "block_fee_mean": 1579.0860389394877,
    "block_fee_std": 1.9085196811381349,
    "fairness_mean": 0.8265094194073225,
    "fairness_std": 0.00011593338177196967,
    "risk_exposure_mean": 0.3642407838784414,
    "risk_exposure_std": 0.0017390643995800607,
    "gas_util_mean": 0.9996645523444445,
    "gas_util_std": 6.312765365664624e-06,
    "risky_rank_mean": 0.4561014161291836,
    "risky_rank_std": 0.0006185655628134635,
    "packing_ratio_mean": 0.6208866666666667,
    "packing_ratio_std": 0.0018639980925121004,
    "top10_risk_mean": 0.33745409691625533,
    "top10_risk_std": 0.00023914789940209823,
    "late_promo_mean": 0.18648499850740818,
    "late_promo_std": 0.0004416652709039596,
    "oldest_coverage_mean": 0.9285555555555556,
    "oldest_coverage_std": 0.0013048579696609223,
    "starvation_gap_mean": 0.07144444444444446,
    "starvation_gap_std": 0.001304857969660934,
    "tail_wait_reduction_mean": 0.9670777777777779,
    "tail_wait_reduction_std": 0.00018121673811442548,
    "selected_wait_std_mean": 83.84925807049926,
    "selected_wait_std_std": 0.17212849742401004,
    "composite_score_mean": 0.5349760697284579,
    "composite_score_std": 0.0008103918101661848,
    "constrained_fee_score_mean": -1.0,
    "constrained_fee_score_std": 0.0,
    "risk_adjusted_fee_score_mean": 0.5090875322460788,
    "risk_adjusted_fee_score_std": 0.0016190897643509445
  },
  "heuristic": {
    "block_fee_mean": 1529.3890878695454,
    "block_fee_std": 1.7684867648091938,
    "fairness_mean": 0.8262006759633839,
    "fairness_std": 0.0002278934617981024,
    "risk_exposure_mean": 0.0869072716841152,
    "risk_exposure_std": 0.0016781060184698083,
    "gas_util_mean": 0.9996607228777776,
    "gas_util_std": 2.6047987002045313e-06,
    "risky_rank_mean": 0.3777987567139931,
    "risky_rank_std": 0.0010527252936761834,
    "packing_ratio_mean": 0.6232022222222222,
    "packing_ratio_std": 0.0017796885564684076,
    "top10_risk_mean": 0.0,
    "top10_risk_std": 0.0,
    "late_promo_mean": 0.18979860551233652,
    "late_promo_std": 0.00034428542289976794,
    "oldest_coverage_mean": 0.9296777777777777,
    "oldest_coverage_std": 0.0006543774725211565,
    "starvation_gap_mean": 0.07032222222222223,
    "starvation_gap_std": 0.0006543774725211775,
    "tail_wait_reduction_mean": 0.9674555555555556,
    "tail_wait_reduction_std": 0.0007078048137170802,
    "selected_wait_std_mean": 83.86840449661571,
    "selected_wait_std_std": 0.1572797929693196,
    "composite_score_mean": 0.582359862567829,
    "composite_score_std": 0.00033215630492945366,
    "constrained_fee_score_mean": -1.0,
    "constrained_fee_score_std": 0.0,
    "risk_adjusted_fee_score_mean": 0.5995857944442026,
    "risk_adjusted_fee_score_std": 0.0008925321195038463
  },
  "fee_risk_linear": {
    "block_fee_mean": 1572.127115709849,
    "block_fee_std": 2.314609540418635,
    "fairness_mean": 0.8265269760858808,
    "fairness_std": 0.00017240337077447846,
    "risk_exposure_mean": 0.09133049966963423,
    "risk_exposure_std": 0.0014551970835996245,
    "gas_util_mean": 0.9996645006333335,
    "gas_util_std": 1.0062500350159547e-05,
    "risky_rank_mean": 0.6663233974763846,
    "risky_rank_std": 0.0022694882331385285,
    "packing_ratio_mean": 0.6209722222222221,
    "packing_ratio_std": 0.0018495852054173049,
    "top10_risk_mean": 0.07967556411048805,
    "top10_risk_std": 0.0019242592844415298,
    "late_promo_mean": 0.15829022775889004,
    "late_promo_std": 0.0005834534693894857,
    "oldest_coverage_mean": 0.9278888888888887,
    "oldest_coverage_std": 0.0011635142595167868,
    "starvation_gap_mean": 0.07211111111111113,
    "starvation_gap_std": 0.0011635142595167395,
    "tail_wait_reduction_mean": 0.9662000000000001,
    "tail_wait_reduction_std": 0.0007216236836056769,
    "selected_wait_std_mean": 83.81941814506023,
    "selected_wait_std_std": 0.18264901018307259,
    "composite_score_mean": 0.5883197987884375,
    "composite_score_std": 0.0011120441128107035,
    "constrained_fee_score_mean": -0.999435054870491,
    "constrained_fee_score_std": 0.0007989530641482496,
    "risk_adjusted_fee_score_mean": 0.6153948535510488,
    "risk_adjusted_fee_score_std": 0.0022991759292783818
  },
  "fair_fee": {
    "block_fee_mean": 1324.9839371714174,
    "block_fee_std": 2.9218297578775534,
    "fairness_mean": 0.8495291543817224,
    "fairness_std": 0.0005487747674471573,
    "risk_exposure_mean": 0.33164587622918423,
    "risk_exposure_std": 0.0010011192614580613,
    "gas_util_mean": 0.9996659068000001,
    "gas_util_std": 5.585299664875611e-06,
    "risky_rank_mean": 0.40010006367655465,
    "risky_rank_std": 0.002861388116985973,
    "packing_ratio_mean": 0.6231988888888889,
    "packing_ratio_std": 0.0010221775352551071,
    "top10_risk_mean": 0.2971414209718281,
    "top10_risk_std": 0.000746525107202084,
    "late_promo_mean": 0.05116557845517614,
    "late_promo_std": 0.00037594520272868793,
    "oldest_coverage_mean": 0.9032444444444444,
    "oldest_coverage_std": 0.0005108695081143239,
    "starvation_gap_mean": 0.09675555555555555,
    "starvation_gap_std": 0.0005108695081143368,
    "tail_wait_reduction_mean": 0.9452555555555557,
    "tail_wait_reduction_std": 0.00040945612828199195,
    "selected_wait_std_mean": 77.45235202786392,
    "selected_wait_std_std": 0.2654828245709504,
    "composite_score_mean": 0.5013977530121175,
    "composite_score_std": 0.0004478162621465797,
    "constrained_fee_score_mean": -0.9628475041768506,
    "constrained_fee_score_std": 0.000692351595031832,
    "risk_adjusted_fee_score_mean": 0.41698658199796884,
    "risk_adjusted_fee_score_std": 0.0013907917346771142
  },
  "ours": {
    "block_fee_mean": 1777.5402002421915,
    "block_fee_std": 37.65871473189142,
    "fairness_mean": 0.878929392269587,
    "fairness_std": 0.014726992185827431,
    "risk_exposure_mean": 0.20365717736648917,
    "risk_exposure_std": 0.008352107553994105,
    "gas_util_mean": 0.9996523849666666,
    "gas_util_std": 1.593419163519619e-05,
    "risky_rank_mean": 0.5495679403989162,
    "risky_rank_std": 0.03207228708446985,
    "packing_ratio_mean": 0.6926277777777777,
    "packing_ratio_std": 0.019529880304071472,
    "top10_risk_mean": 0.09009229081156998,
    "top10_risk_std": 0.013252370313011014,
    "late_promo_mean": 0.0510107751142618,
    "late_promo_std": 0.01970149151411844,
    "oldest_coverage_mean": 0.9986444444444444,
    "oldest_coverage_std": 0.0009541656558299485,
    "starvation_gap_mean": 0.0013555555555555584,
    "starvation_gap_std": 0.0009541656558299695,
    "tail_wait_reduction_mean": 0.9996777777777778,