{
  "settings": {
    "oldest_ratio": 0.2,
    "tail_quantile": 0.9
  },
  "metrics": [
    "fairness",
    "oldest_coverage",
    "starvation_gap",
    "tail_wait_reduction",
    "selected_wait_std",
    "wait_p95",
    "wait_p99",
    "wait_gini",
    "composite_score"
  ],
  "methods": {
    "ours": {
      "fairness_mean": 0.878929392269587,
      "fairness_std": 0.03441599853541071,
      "oldest_coverage_mean": 0.9986444444444444,
      "oldest_coverage_std": 0.0058226462949885,
      "starvation_gap_mean": 0.0013555555555555582,
      "starvation_gap_std": 0.005822646294988499,
      "tail_wait_reduction_mean": 0.9996777777777779,
      "tail_wait_reduction_std": 0.0035859637201830596,
      "selected_wait_std_mean": 70.73564911162106,
      "selected_wait_std_std": 9.880016290172996,
      "wait_p95_mean": 295.2075257860583,
      "wait_p95_std": 25.938576630040163,
      "wait_p99_mean": 303.67680262914973,
      "wait_p99_std": 26.522482254491834,
      "wait_gini_mean": 0.2100600786072353,
      "wait_gini_std": 0.03545305885078656,
      "composite_score_mean": 0.6236422285583536,
      "composite_score_std": 0.02396713897475575
    },
    "fifo": {
      "fairness_mean": 0.9339947627941989,
      "fairness_std": 0.019550953866663546,
      "oldest_coverage_mean": 1.0,
      "oldest_coverage_std": 0.0,
      "starvation_gap_mean": 0.0,
      "starvation_gap_std": 0.0,
      "tail_wait_reduction_mean": 1.0,
      "tail_wait_reduction_std": 0.0,
      "selected_wait_std_mean": 55.20576195838581,
      "selected_wait_std_std": 7.999846845562681,
      "wait_p95_mean": 296.3133966232326,
      "wait_p95_std": 26.0184370692573,
      "wait_p99_mean": 303.90132444299024,
      "wait_p99_std": 26.54116382129185,
      "wait_gini_mean": 0.15146272117206216,
      "wait_gini_std": 0.024093755411737437,
      "composite_score_mean": 0.5931155441529667,
      "composite_score_std": 0.025043099394928568
    },
    "gas": {
      "fairness_mean": 0.8265094194073226,
      "fairness_std": 0.02372387647215023,
      "oldest_coverage_mean": 0.9285555555555555,
      "oldest_coverage_std": 0.038412317983161415,
      "starvation_gap_mean": 0.07144444444444446,
      "starvation_gap_std": 0.038412317983161415,
      "tail_wait_reduction_mean": 0.9670777777777778,
      "tail_wait_reduction_std": 0.03423526266697165,
      "selected_wait_std_mean": 83.84925807049925,
      "selected_wait_std_std": 8.504125182160776,
      "wait_p95_mean": 296.20359561533706,
      "wait_p95_std": 26.00955876313578,
      "wait_p99_mean": 303.8929447246296,
      "wait_p99_std": 26.536224418588894,
      "wait_gini_mean": 0.26032391774598856,
      "wait_gini_std": 0.023067827966672137,
      "composite_score_mean": 0.5349760697284579,
      "composite_score_std": 0.036465660965692794
    },
    "heuristic": {
      "fairness_mean": 0.8262006759633839,
      "fairness_std": 0.02351018947265676,
      "oldest_coverage_mean": 0.9296777777777777,
      "oldest_coverage_std": 0.03836916039133254,
      "starvation_gap_mean": 0.07032222222222223,
      "starvation_gap_std": 0.03836916039133254,
      "tail_wait_reduction_mean": 0.9674555555555556,
      "tail_wait_reduction_std": 0.034369019569560594,
      "selected_wait_std_mean": 83.86840449661571,
      "selected_wait_std_std": 8.501119202501744,
      "wait_p95_mean": 296.17904230029325,
      "wait_p95_std": 26.008267545553213,
      "wait_p99_mean": 303.8864454594088,
      "wait_p99_std": 26.537394611561606,
      "wait_gini_mean": 0.26066164537854164,
      "wait_gini_std": 0.022857537444536353,
      "composite_score_mean": 0.582359862567829,
      "composite_score_std": 0.023801548813160548
    },
    "fee_risk_linear": {
      "fairness_mean": 0.8265269760858807,
      "fairness_std": 0.02351821778490053,
      "oldest_coverage_mean": 0.9278888888888889,
      "oldest_coverage_std": 0.03859076202383475,
      "starvation_gap_mean": 0.07211111111111113,
      "starvation_gap_std": 0.03859076202383475,
      "tail_wait_reduction_mean": 0.9662000000000002,
      "tail_wait_reduction_std": 0.03458436812374223,
      "selected_wait_std_mean": 83.81941814506021,
      "selected_wait_std_std": 8.428140403466806,
      "wait_p95_mean": 296.21289263495834,
      "wait_p95_std": 26.010517700037894,
      "wait_p99_mean": 303.8930545408798,
      "wait_p99_std": 26.540221600172266,
      "wait_gini_mean": 0.2603393054296498,
      "wait_gini_std": 0.02290429321210292,
      "composite_score_mean": 0.5883197987884378,
      "composite_score_std": 0.033229086829686665
    },
    "fair_fee": {
      "fairness_mean": 0.8495291543817224,
      "fairness_std": 0.039875637540700545,
      "oldest_coverage_mean": 0.9032444444444444,
      "oldest_coverage_std": 0.04137040750686353,
      "starvation_gap_mean": 0.09675555555555557,
      "starvation_gap_std": 0.04137040750686352,
      "tail_wait_reduction_mean": 0.9452555555555556,
      "tail_wait_reduction_std": 0.04199304910148232,
      "selected_wait_std_mean": 77.45235202786392,
      "selected_wait_std_std": 10.788169912082832,
      "wait_p95_mean": 296.08285614943856,
      "wait_p95_std": 26.022572706292085,
      "wait_p99_mean": 303.8811593210798,
      "wait_p99_std": 26.538424696069317,
      "wait_gini_mean": 0.23955367984804965,
      "wait_gini_std": 0.03874125160735731,
      "composite_score_mean": 0.5013977530121174,
      "composite_score_std": 0.028985811015443688
    }
  }
}