{
  "timestamp": "2026-03-25T23:24:26.913248",
  "seed_timings": {},
  "stage_totals_seconds": {
    "train": 0.0,
    "eval": 0.0,
    "robustness": 0.0,
    "ablation_reward": 7267.961475695018,
    "ablation_struct": 5051.542928967043,
    "ablation_protocol": 0.0
  },
  "total_runtime_seconds": 12319.51184443303
}