{
  "variant": "reward_Ours-FullBalanced",
  "seed": 42,
  "shared_pool_path": "results_dryrun_full_rerun_20260323/ablation/shared_pools/seed_42.json",
  "metrics": {
    "block_fee_mean": 1543.320229215362,
    "block_fee_std": 126.38102913507399,
    "fairness_mean": 0.9331353389982915,
    "fairness_std": 0.018654994379697306,
    "risk_exposure_mean": 0.26447656667083314,
    "risk_exposure_std": 0.07495720527500305,
    "gas_util_mean": 0.99964781875,
    "gas_util_std": 0.00015941026318762886,
    "risky_rank_mean": 0.45404270095043325,
    "risky_rank_std": 0.06709013536405502,
    "packing_ratio_mean": 0.5842708333333333,
    "packing_ratio_std": 0.039758248401711854,
    "top10_risk_mean": 0.2800664344685243,
    "top10_risk_std": 0.10564924756578412,
    "late_promo_mean": 0.0064345408418640376,
    "late_promo_std": 0.0087581670524136,
    "oldest_coverage_mean": 1.0,
    "oldest_coverage_std": 0.0,
    "starvation_gap_mean": 0.0,
    "starvation_gap_std": 0.0,
    "tail_wait_reduction_mean": 1.0,
    "tail_wait_reduction_std": 0.0,
    "selected_wait_std_mean": 56.210615394703794,
    "selected_wait_std_std": 7.531452440581541,
    "block_fee_norm_mean": 0.633515706398808,
    "block_fee_norm_std": 0.04350116022985915,
    "composite_score_mean": 0.5837948039749294,
    "composite_score_std": 0.020208813121763054
  }
}