{
  "variant": "reward_Ours-AgeOnly",
  "seed": 42,
  "shared_pool_path": "results_dryrun_full_20260324_r1/ablation/shared_pools/seed_42.json",
  "metrics": {
    "block_fee_mean": 1823.7096199592486,
    "block_fee_std": 124.4115000192919,
    "fairness_mean": 0.8630928610840445,
    "fairness_std": 0.027290841352614885,
    "risk_exposure_mean": 0.2695913452695665,
    "risk_exposure_std": 0.0838862480482589,
    "edge_risk_ratio_mean": 0.2086971458413821,
    "edge_risk_ratio_std": 0.06875734207765934,
    "gas_util_mean": 0.9996152895833333,
    "gas_util_std": 0.0003048675181804183,
    "risky_rank_mean": 0.4160810147315137,
    "risky_rank_std": 0.06343295895065464,
    "packing_ratio_mean": 0.7012499999999999,
    "packing_ratio_std": 0.041178389019268624,
    "top10_risk_mean": 0.32927535612747283,
    "top10_risk_std": 0.12977677693429115,
    "late_promo_mean": 0.07748472203421505,
    "late_promo_std": 0.031320386141859675,
    "oldest_coverage_mean": 1.0,
    "oldest_coverage_std": 0.0,
    "starvation_gap_mean": 0.0,
    "starvation_gap_std": 0.0,
    "tail_wait_reduction_mean": 1.0,
    "tail_wait_reduction_std": 0.0,
    "selected_wait_std_mean": 74.66745447920619,
    "selected_wait_std_std": 7.758280562931514,
    "wait_p95_mean": 294.49652003796723,
    "wait_p95_std": 19.327922836980655,
    "wait_p99_mean": 302.9885246660026,
    "wait_p99_std": 19.683345802178632,
    "wait_gini_mean": 0.22593400298229657,
    "wait_gini_std": 0.027715085513273934,
    "block_fee_norm_mean": 0.7489028361000618,
    "block_fee_norm_std": 0.04364034578845905,
    "composite_score_mean": 0.6114160806571225,
    "composite_score_std": 0.021432014284892557,
    "constrained_fee_score_mean": -0.9445966793445654,
    "constrained_fee_score_std": 0.30847263432777355,
    "risk_adjusted_fee_score_mean": 0.6410662979922351,
    "risk_adjusted_fee_score_std": 0.05373273224389328
  }
}