{
  "variant": "struct_No-ActionMask",
  "seed": 42,
  "shared_pool_path": "results_formal_full_20260324_r1/ablation/shared_pools/seed_42.json",
  "metrics": {
    "block_fee_mean": 251.11222167042567,
    "block_fee_std": 223.95239158717996,
    "fairness_mean": 0.9975016149178455,
    "fairness_std": 0.0039315548335689295,
    "risk_exposure_mean": 0.08448064689008962,
    "risk_exposure_std": 0.1500572134119795,
    "edge_risk_ratio_mean": 0.05985912698412698,
    "edge_risk_ratio_std": 0.10156085420784083,
    "gas_util_mean": 0.18544593199999998,
    "gas_util_std": 0.15687993403584596,
    "risky_rank_mean": 0.5629976388539608,
    "risky_rank_std": 0.12493639518458768,
    "packing_ratio_mean": 0.10516666666666666,
    "packing_ratio_std": 0.09173315770332024,
    "top10_risk_mean": 0.016982142857142855,
    "top10_risk_std": 0.0679855753107513,
    "late_promo_mean": 0.0,
    "late_promo_std": 0.0,
    "oldest_coverage_mean": 0.4609166666666667,
    "oldest_coverage_std": 0.34397834839807384,
    "starvation_gap_mean": 0.5390833333333334,
    "starvation_gap_std": 0.34397834839807384,
    "tail_wait_reduction_mean": 0.6475,
    "tail_wait_reduction_std": 0.34684991150512223,
    "selected_wait_std_mean": 10.269776583242278,
    "selected_wait_std_std": 8.791381179800934,
    "wait_p95_mean": 297.36163394116903,
    "wait_p95_std": 44.875310796842015,
    "wait_p99_mean": 298.6448447139433,
    "wait_p99_std": 45.0210513549183,
    "wait_gini_mean": 0.021214407657527527,
    "wait_gini_std": 0.019289646015378113,
    "block_fee_norm_mean": 0.10438502515933955,
    "block_fee_norm_std": 0.09327433414607379,
    "composite_score_mean": 0.3433707844151793,
    "composite_score_std": 0.08320797461033412,
    "constrained_fee_score_mean": -0.7298808755000438,
    "constrained_fee_score_std": 0.5166946188586953,
    "risk_adjusted_fee_score_mean": 0.07059276640330371,
    "risk_adjusted_fee_score_std": 0.09569656724821528
  }
}