{
  "variant": "reward_Ours-Age+Risk",
  "seed": 42,
  "shared_pool_path": "results_dryrun_full_rerun_20260323_gpu/ablation/shared_pools/seed_42.json",
  "metrics": {
    "block_fee_mean": 1715.699557452159,
    "block_fee_std": 134.32802309352115,
    "fairness_mean": 0.9094754241087174,
    "fairness_std": 0.02967109845748122,
    "risk_exposure_mean": 0.24243372421941212,
    "risk_exposure_std": 0.0592720236798193,
    "gas_util_mean": 0.9996836135416667,
    "gas_util_std": 0.00020200371281299127,
    "risky_rank_mean": 0.4650353905989537,
    "risky_rank_std": 0.06462547279799019,
    "packing_ratio_mean": 0.6540625,
    "packing_ratio_std": 0.044454520884644945,
    "top10_risk_mean": 0.22365446282527987,
    "top10_risk_std": 0.10262333163539644,
    "late_promo_mean": 0.009887846195197383,
    "late_promo_std": 0.010388632862842008,
    "oldest_coverage_mean": 1.0,
    "oldest_coverage_std": 0.0,
    "starvation_gap_mean": 0.0,
    "starvation_gap_std": 0.0,
    "tail_wait_reduction_mean": 1.0,
    "tail_wait_reduction_std": 0.0,
    "selected_wait_std_mean": 62.53036008245155,
    "selected_wait_std_std": 8.856850886418531,
    "block_fee_norm_mean": 0.704661216250787,
    "block_fee_norm_std": 0.05112559792543579,
    "composite_score_mean": 0.6107465976836117,
    "composite_score_std": 0.02086162076744567
  }
}