{
  "variant": "reward_Ours-Age+TerminalFair",
  "seed": 42,
  "shared_pool_path": "results_dryrun_gpu_20260323_v2/ablation/shared_pools/seed_42.json",
  "metrics": {
    "block_fee_mean": 1806.2330806011355,
    "block_fee_std": 130.27303625118913,
    "fairness_mean": 0.858694592698866,
    "fairness_std": 0.026256745866626876,
    "risk_exposure_mean": 0.21677568580642875,
    "risk_exposure_std": 0.07008953999645316,
    "gas_util_mean": 0.9993489770833334,
    "gas_util_std": 0.0005761156086019673,
    "risky_rank_mean": 0.457630178177084,
    "risky_rank_std": 0.0689695135520065,
    "packing_ratio_mean": 0.7098958333333334,
    "packing_ratio_std": 0.03821979903393586,
    "top10_risk_mean": 0.20472522090800122,
    "top10_risk_std": 0.08925036922361304,
    "late_promo_mean": 0.0625197637654499,
    "late_promo_std": 0.029365537620151955,
    "oldest_coverage_mean": 1.0,
    "oldest_coverage_std": 0.0,
    "starvation_gap_mean": 0.0,
    "starvation_gap_std": 0.0,
    "tail_wait_reduction_mean": 1.0,
    "tail_wait_reduction_std": 0.0,
    "selected_wait_std_mean": 75.5709326628979,
    "selected_wait_std_std": 7.433103172996654,
    "block_fee_norm_mean": 0.7415443472122338,
    "block_fee_norm_std": 0.04370359600904806,
    "composite_score_mean": 0.6179362498983243,
    "composite_score_std": 0.02087078349268182,
    "constrained_fee_score_mean": 0.7415443472122338,
    "constrained_fee_score_std": 0.04370359600904806,
    "risk_adjusted_fee_score_mean": 0.6548340728896624,
    "risk_adjusted_fee_score_std": 0.04925142233862263
  }
}