{
  "No-SeqSummary": {
    "block_fee_mean": 1870.7092951677012,
    "block_fee_std": 0.0,
    "fairness_mean": 0.8566397509622466,
    "fairness_std": 0.0,
    "risk_exposure_mean": 0.212555241387204,
    "risk_exposure_std": 0.0,
    "gas_util_mean": 0.99939230625,
    "gas_util_std": 0.0
  },
  "No-ActionMask": {
    "block_fee_mean": 1.7245388576793774,
    "block_fee_std": 0.0,
    "fairness_mean": 0.9969120850594129,
    "fairness_std": 0.0,
    "risk_exposure_mean": 0.0,
    "risk_exposure_std": 0.0,
    "gas_util_mean": 0.0006244031250000001,
    "gas_util_std": 0.0
  },
  "No-STOP": {
    "block_fee_mean": 1754.3975821498686,
    "block_fee_std": 0.0,
    "fairness_mean": 0.7405903120472989,
    "fairness_std": 0.0,
    "risk_exposure_mean": 0.21876078199845278,
    "risk_exposure_std": 0.0,
    "gas_util_mean": 0.9990136656249999,
    "gas_util_std": 0.0
  },
  "Ours-Full": {
    "block_fee_mean": 1871.7480257504312,
    "block_fee_std": 0.0,
    "fairness_mean": 0.7918828056216873,
    "fairness_std": 0.0,
    "risk_exposure_mean": 0.19584584283727485,
    "risk_exposure_std": 0.0,
    "gas_util_mean": 0.9990226020833333,
    "gas_util_std": 0.0
  }
}