{
  "fifo": {
    "block_fee_mean": 1543.2682143147317,
    "block_fee_std": 0.0,
    "fairness_mean": 0.9267826364441214,
    "fairness_std": 0.0,
    "risk_exposure_mean": 0.19493877571404777,
    "risk_exposure_std": 0.0,
    "gas_util_mean": 0.9996787739583333,
    "gas_util_std": 0.0,
    "risky_rank_mean": 0.49593776545713364,
    "risky_rank_std": 0.0,
    "packing_ratio_mean": 0.6278125,
    "packing_ratio_std": 0.0,
    "top10_risk_mean": 0.1374823394269989,
    "top10_risk_std": 0.0,
    "late_promo_mean": 0.0,
    "late_promo_std": 0.0
  },
  "gas": {
    "block_fee_mean": 1598.6113743430087,
    "block_fee_std": 0.0,
    "fairness_mean": 0.8231674814420475,
    "fairness_std": 0.0,
    "risk_exposure_mean": 0.34170551134010335,
    "risk_exposure_std": 0.0,
    "gas_util_mean": 0.9997024822916667,
    "gas_util_std": 0.0,
    "risky_rank_mean": 0.4745865499553664,
    "risky_rank_std": 0.0,
    "packing_ratio_mean": 0.6183333333333333,
    "packing_ratio_std": 0.0,
    "top10_risk_mean": 0.3133395682834537,
    "top10_risk_std": 0.0,
    "late_promo_mean": 0.17896542459454334,
    "late_promo_std": 0.0
  },
  "heuristic": {
    "block_fee_mean": 1542.9167305971,
    "block_fee_std": 0.0,
    "fairness_mean": 0.8216363349005634,
    "fairness_std": 0.0,
    "risk_exposure_mean": 0.10467317079742344,
    "risk_exposure_std": 0.0,
    "gas_util_mean": 0.9996732625,
    "gas_util_std": 0.0,
    "risky_rank_mean": 0.38408296619869453,
    "risky_rank_std": 0.0,
    "packing_ratio_mean": 0.62375,
    "packing_ratio_std": 0.0,
    "top10_risk_mean": 0.0,
    "top10_risk_std": 0.0,
    "late_promo_mean": 0.18293840134803122,
    "late_promo_std": 0.0
  },
  "fee_risk_linear": {
    "block_fee_mean": 1589.087771870135,
    "block_fee_std": 0.0,
    "fairness_mean": 0.8221099894528788,
    "fairness_std": 0.0,
    "risk_exposure_mean": 0.07736994634296182,
    "risk_exposure_std": 0.0,
    "gas_util_mean": 0.9996629729166666,
    "gas_util_std": 0.0,
    "risky_rank_mean": 0.6731329400988214,
    "risky_rank_std": 0.0,
    "packing_ratio_mean": 0.6172916666666667,
    "packing_ratio_std": 0.0,
    "top10_risk_mean": 0.07275985229618162,
    "top10_risk_std": 0.0,
    "late_promo_mean": 0.16389129187385282,
    "late_promo_std": 0.0
  },
  "fair_fee": {
    "block_fee_mean": 1313.6320372700457,
    "block_fee_std": 0.0,
    "fairness_mean": 0.8482687134941269,
    "fairness_std": 0.0,
    "risk_exposure_mean": 0.3431540103440597,
    "risk_exposure_std": 0.0,
    "gas_util_mean": 0.9995629416666667,
    "gas_util_std": 0.0,
    "risky_rank_mean": 0.39641131865865675,
    "risky_rank_std": 0.0,
    "packing_ratio_mean": 0.6214583333333333,
    "packing_ratio_std": 0.0,
    "top10_risk_mean": 0.28726618937048504,
    "top10_risk_std": 0.0,
    "late_promo_mean": 0.038958034260634,
    "late_promo_std": 0.0
  },
  "ours": {
    "block_fee_mean": 1871.7480257504312,
    "block_fee_std": 0.0,
    "fairness_mean": 0.7918828056216873,
    "fairness_std": 0.0,
    "risk_exposure_mean": 0.19584584283727485,
    "risk_exposure_std": 0.0,
    "gas_util_mean": 0.9990226020833333,
    "gas_util_std": 0.0,
    "risky_rank_mean": 0.4623479727156067,
    "risky_rank_std": 0.0,
    "packing_ratio_mean": 0.7084375,
    "packing_ratio_std": 0.0,
    "top10_risk_mean": 0.13804778126145403,
    "top10_risk_std": 0.0,
    "late_promo_mean": 0.2299317356423089,
    "late_promo_std": 0.0
  }
}