{
  "1.2": {
    "fifo": {
      "block_fee_mean": 1382.260602938452,
      "block_fee_std": 0.0,
      "fairness_mean": 0.9267826364441214,
      "fairness_std": 0.0,
      "risk_exposure_mean": 0.19493877571404777,
      "risk_exposure_std": 0.0,
      "gas_util_mean": 0.9996787739583333,
      "gas_util_std": 0.0,
      "risky_rank_mean": 0.49593776545713364,
      "risky_rank_std": 0.0,
      "packing_ratio_mean": 0.6278125,
      "packing_ratio_std": 0.0,
      "top10_risk_mean": 0.1374823394269989,
      "top10_risk_std": 0.0,
      "late_promo_mean": 0.0,
      "late_promo_std": 0.0
    },
    "gas": {
      "block_fee_mean": 1428.255988145695,
      "block_fee_std": 0.0,
      "fairness_mean": 0.8208381211294236,
      "fairness_std": 0.0,
      "risk_exposure_mean": 0.24767911857014088,
      "risk_exposure_std": 0.0,
      "gas_util_mean": 0.9996503864583333,
      "gas_util_std": 0.0,
      "risky_rank_mean": 0.4935402454240336,
      "risky_rank_std": 0.0,
      "packing_ratio_mean": 0.6204166666666666,
      "packing_ratio_std": 0.0,
      "top10_risk_mean": 0.18355182533539732,
      "top10_risk_std": 0.0,
      "late_promo_mean": 0.18040084922000577,
      "late_promo_std": 0.0
    },
    "heuristic": {
      "block_fee_mean": 1407.8398845136476,
      "block_fee_std": 0.0,
      "fairness_mean": 0.8216363349005634,
      "fairness_std": 0.0,
      "risk_exposure_mean": 0.10467317079742344,
      "risk_exposure_std": 0.0,
      "gas_util_mean": 0.9996732625,
      "gas_util_std": 0.0,
      "risky_rank_mean": 0.38408296619869453,
      "risky_rank_std": 0.0,
      "packing_ratio_mean": 0.62375,
      "packing_ratio_std": 0.0,
      "top10_risk_mean": 0.0,
      "top10_risk_std": 0.0,
      "late_promo_mean": 0.17987909004672442,
      "late_promo_std": 0.0
    },
    "fee_risk_linear": {
      "block_fee_mean": 1435.1658869909384,
      "block_fee_std": 0.0,
      "fairness_mean": 0.8208599718057217,
      "fairness_std": 0.0,
      "risk_exposure_mean": 0.04222701156236083,
      "risk_exposure_std": 0.0,
      "gas_util_mean": 0.9996681645833333,
      "gas_util_std": 0.0,
      "risky_rank_mean": 0.6841930895965113,
      "risky_rank_std": 0.0,
      "packing_ratio_mean": 0.6219791666666666,
      "packing_ratio_std": 0.0,
      "top10_risk_mean": 0.03796860026905499,
      "top10_risk_std": 0.0,
      "late_promo_mean": 0.1675283402198221,
      "late_promo_std": 0.0
    },
    "fair_fee": {
      "block_fee_mean": 1227.6026714576833,
      "block_fee_std": 0.0,
      "fairness_mean": 0.8353459002283823,
      "fairness_std": 0.0,
      "risk_exposure_mean": 0.25035108235557907,
      "risk_exposure_std": 0.0,
      "gas_util_mean": 0.9996864395833334,
      "gas_util_std": 0.0,
      "risky_rank_mean": 0.45596707877704484,
      "risky_rank_std": 0.0,
      "packing_ratio_mean": 0.6284375,
      "packing_ratio_std": 0.0,
      "top10_risk_mean": 0.18943978533399006,
      "top10_risk_std": 0.0,
      "late_promo_mean": 0.057239777865606495,
      "late_promo_std": 0.0
    },
    "ours": {
      "block_fee_mean": 1686.4160313477455,
      "block_fee_std": 0.0,
      "fairness_mean": 0.7939141624500548,
      "fairness_std": 0.0,
      "risk_exposure_mean": 0.16575147321457107,
      "risk_exposure_std": 0.0,
      "gas_util_mean": 0.9991878885416667,
      "gas_util_std": 0.0,
      "risky_rank_mean": 0.4984978147014655,
      "risky_rank_std": 0.0,
      "packing_ratio_mean": 0.7040625,
      "packing_ratio_std": 0.0,
      "top10_risk_mean": 0.09711141737743567,
      "top10_risk_std": 0.0,
      "late_promo_mean": 0.24643785475778682,
      "late_promo_std": 0.0
    }
  },
  "1.5": {
    "fifo": {
      "block_fee_mean": 1442.6384572045567,
      "block_fee_std": 0.0,
      "fairness_mean": 0.9267826364441214,
      "fairness_std": 0.0,
      "risk_exposure_mean": 0.19493877571404777,
      "risk_exposure_std": 0.0,
      "gas_util_mean": 0.9996787739583333,
      "gas_util_std": 0.0,
      "risky_rank_mean": 0.49593776545713364,
      "risky_rank_std": 0.0,
      "packing_ratio_mean": 0.6278125,
      "packing_ratio_std": 0.0,
      "top10_risk_mean": 0.1374823394269989,
      "top10_risk_std": 0.0,
      "late_promo_mean": 0.0,
      "late_promo_std": 0.0
    },
    "gas": {
      "block_fee_mean": 1494.7629471772048,
      "block_fee_std": 0.0,
      "fairness_mean": 0.8209255688797923,
      "fairness_std": 0.0,
      "risk_exposure_mean": 0.29265456682437263,
      "risk_exposure_std": 0.0,
      "gas_util_mean": 0.9996510187500001,
      "gas_util_std": 0.0,
      "risky_rank_mean": 0.48668196163636807,
      "risky_rank_std": 0.0,
      "packing_ratio_mean": 0.6219791666666666,
      "packing_ratio_std": 0.0,
      "top10_risk_mean": 0.2507827281131751,
      "top10_risk_std": 0.0,
      "late_promo_mean": 0.17910746685825985,
      "late_promo_std": 0.0
    },
    "heuristic": {
      "block_fee_mean": 1458.4937017949424,
      "block_fee_std": 0.0,
      "fairness_mean": 0.8216363349005634,
      "fairness_std": 0.0,
      "risk_exposure_mean": 0.10467317079742344,
      "risk_exposure_std": 0.0,
      "gas_util_mean": 0.9996732625,
      "gas_util_std": 0.0,
      "risky_rank_mean": 0.38408296619869453,
      "risky_rank_std": 0.0,
      "packing_ratio_mean": 0.62375,
      "packing_ratio_std": 0.0,
      "top10_risk_mean": 0.0,
      "top10_risk_std": 0.0,
      "late_promo_mean": 0.1810541055803906,
      "late_promo_std": 0.0
    },
    "fee_risk_linear": {
      "block_fee_mean": 1495.7030152604334,
      "block_fee_std": 0.0,
      "fairness_mean": 0.8217025047836148,
      "fairness_std": 0.0,
      "risk_exposure_mean": 0.06111098694309863,
      "risk_exposure_std": 0.0,
      "gas_util_mean": 0.9996740427083334,
      "gas_util_std": 0.0,
      "risky_rank_mean": 0.6759379202808762,
      "risky_rank_std": 0.0,
      "packing_ratio_mean": 0.620625,
      "packing_ratio_std": 0.0,
      "top10_risk_mean": 0.056361530357757136,
      "top10_risk_std": 0.0,
      "late_promo_mean": 0.16676498239465487,
      "late_promo_std": 0.0
    },
    "fair_fee": {
      "block_fee_mean": 1255.5764331919177,
      "block_fee_std": 0.0,
      "fairness_mean": 0.8397822772561968,
      "fairness_std": 0.0,
      "risk_exposure_mean": 0.29554971588761253,
      "risk_exposure_std": 0.0,
      "gas_util_mean": 0.9996843416666666,
      "gas_util_std": 0.0,
      "risky_rank_mean": 0.4281490313328661,
      "risky_rank_std": 0.0,
      "packing_ratio_mean": 0.6229166666666667,
      "packing_ratio_std": 0.0,
      "top10_risk_mean": 0.2330549297569905,
      "top10_risk_std": 0.0,
      "late_promo_mean": 0.05140595601343019,
      "late_promo_std": 0.0
    },
    "ours": {
      "block_fee_mean": 1750.1993444990908,
      "block_fee_std": 0.0,
      "fairness_mean": 0.7933954597094799,
      "fairness_std": 0.0,
      "risk_exposure_mean": 0.1685328213570991,
      "risk_exposure_std": 0.0,
      "gas_util_mean": 0.9991007572916667,
      "gas_util_std": 0.0,
      "risky_rank_mean": 0.4791967714300957,
      "risky_rank_std": 0.0,
      "packing_ratio_mean": 0.7053125,
      "packing_ratio_std": 0.0,
      "top10_risk_mean": 0.11217037158112672,
      "top10_risk_std": 0.0,
      "late_promo_mean": 0.23937374769041947,
      "late_promo_std": 0.0
    }
  },
  "2.0": {
    "fifo": {
      "block_fee_mean": 1543.2682143147317,
      "block_fee_std": 0.0,
      "fairness_mean": 0.9267826364441214,
      "fairness_std": 0.0,
      "risk_exposure_mean": 0.19493877571404777,
      "risk_exposure_std": 0.0,
      "gas_util_mean": 0.9996787739583333,
      "gas_util_std": 0.0,
      "risky_rank_mean": 0.49593776545713364,
      "risky_rank_std": 0.0,
      "packing_ratio_mean": 0.6278125,
      "packing_ratio_std": 0.0,
      "top10_risk_mean": 0.1374823394269989,
      "top10_risk_std": 0.0,
      "late_promo_mean": 0.0,
      "late_promo_std": 0.0
    },
    "gas": {
      "block_fee_mean": 1598.6113743430087,