{
  "100": {
    "fifo": {
      "block_fee_mean": 797.4777126697645,
      "block_fee_std": 0.0,
      "fairness_mean": 0.7491213622824753,
      "fairness_std": 0.0,
      "risk_exposure_mean": 0.21199179298298879,
      "risk_exposure_std": 0.0,
      "gas_util_mean": 0.5582350572916667,
      "gas_util_std": 0.0,
      "risky_rank_mean": 0.5118743359295651,
      "risky_rank_std": 0.0,
      "packing_ratio_mean": 1.0,
      "packing_ratio_std": 0.0,
      "top10_risk_mean": 0.13125,
      "top10_risk_std": 0.0,
      "late_promo_mean": 0.0,
      "late_promo_std": 0.0
    },
    "gas": {
      "block_fee_mean": 797.4777126697645,
      "block_fee_std": 0.0,
      "fairness_mean": 0.7491213622824754,
      "fairness_std": 0.0,
      "risk_exposure_mean": 0.29669375494646394,
      "risk_exposure_std": 0.0,
      "gas_util_mean": 0.5582350572916667,
      "gas_util_std": 0.0,
      "risky_rank_mean": 0.4634623170056108,
      "risky_rank_std": 0.0,
      "packing_ratio_mean": 1.0,
      "packing_ratio_std": 0.0,
      "top10_risk_mean": 0.246875,
      "top10_risk_std": 0.0,
      "late_promo_mean": 0.23008791258369593,
      "late_promo_std": 0.0
    },
    "heuristic": {
      "block_fee_mean": 797.4777126697645,
      "block_fee_std": 0.0,
      "fairness_mean": 0.7491213622824754,
      "fairness_std": 0.0,
      "risk_exposure_mean": 0.11837544657784596,
      "risk_exposure_std": 0.0,
      "gas_util_mean": 0.5582350572916667,
      "gas_util_std": 0.0,
      "risky_rank_mean": 0.4794701656945418,
      "risky_rank_std": 0.0,
      "packing_ratio_mean": 1.0,
      "packing_ratio_std": 0.0,
      "top10_risk_mean": 0.009375000000000001,
      "top10_risk_std": 0.0,
      "late_promo_mean": 0.22816093164879708,
      "late_promo_std": 0.0
    },
    "fee_risk_linear": {
      "block_fee_mean": 797.4777126697645,
      "block_fee_std": 0.0,
      "fairness_mean": 0.7491213622824754,
      "fairness_std": 0.0,
      "risk_exposure_mean": 0.1621432494449135,
      "risk_exposure_std": 0.0,
      "gas_util_mean": 0.5582350572916667,
      "gas_util_std": 0.0,
      "risky_rank_mean": 0.5355386829201505,
      "risky_rank_std": 0.0,
      "packing_ratio_mean": 1.0,
      "packing_ratio_std": 0.0,
      "top10_risk_mean": 0.0875,
      "top10_risk_std": 0.0,
      "late_promo_mean": 0.24921867765196104,
      "late_promo_std": 0.0
    },
    "fair_fee": {
      "block_fee_mean": 797.4777126697645,
      "block_fee_std": 0.0,
      "fairness_mean": 0.7491213622824753,
      "fairness_std": 0.0,
      "risk_exposure_mean": 0.30138686106420237,
      "risk_exposure_std": 0.0,
      "gas_util_mean": 0.5582350572916667,
      "gas_util_std": 0.0,
      "risky_rank_mean": 0.48839477131127673,
      "risky_rank_std": 0.0,
      "packing_ratio_mean": 1.0,
      "packing_ratio_std": 0.0,
      "top10_risk_mean": 0.24375,
      "top10_risk_std": 0.0,
      "late_promo_mean": 0.283023755675789,
      "late_promo_std": 0.0
    },
    "ours": {
      "block_fee_mean": 797.4777126697645,
      "block_fee_std": 0.0,
      "fairness_mean": 0.7491213622824753,
      "fairness_std": 0.0,
      "risk_exposure_mean": 0.32323538819281855,
      "risk_exposure_std": 0.0,
      "gas_util_mean": 0.5582350572916667,
      "gas_util_std": 0.0,
      "risky_rank_mean": 0.5249734109041677,
      "risky_rank_std": 0.0,
      "packing_ratio_mean": 1.0,
      "packing_ratio_std": 0.0,
      "top10_risk_mean": 0.159375,
      "top10_risk_std": 0.0,
      "late_promo_mean": 0.414477346602534,
      "late_promo_std": 0.0
    }
  },
  "200": {
    "fifo": {
      "block_fee_mean": 1525.1633840540183,
      "block_fee_std": 0.0,
      "fairness_mean": 0.7988843295847273,
      "fairness_std": 0.0,
      "risk_exposure_mean": 0.20080417448273663,
      "risk_exposure_std": 0.0,
      "gas_util_mean": 0.9984354927083333,
      "gas_util_std": 0.0,
      "risky_rank_mean": 0.49318041720646655,
      "risky_rank_std": 0.0,
      "packing_ratio_mean": 0.9303125000000001,
      "packing_ratio_std": 0.0,
      "top10_risk_mean": 0.13997758642930855,
      "top10_risk_std": 0.0,
      "late_promo_mean": 0.0,
      "late_promo_std": 0.0
    },
    "gas": {
      "block_fee_mean": 1529.375651564342,
      "block_fee_std": 0.0,
      "fairness_mean": 0.7727080145801813,
      "fairness_std": 0.0,
      "risk_exposure_mean": 0.327312421063537,
      "risk_exposure_std": 0.0,
      "gas_util_mean": 0.998561084375,
      "gas_util_std": 0.0,
      "risky_rank_mean": 0.4607215043243364,
      "risky_rank_std": 0.0,
      "packing_ratio_mean": 0.9299999999999999,
      "packing_ratio_std": 0.0,
      "top10_risk_mean": 0.30627942788957685,
      "top10_risk_std": 0.0,
      "late_promo_mean": 0.18691537987916668,
      "late_promo_std": 0.0
    },
    "heuristic": {
      "block_fee_mean": 1524.780019958354,
      "block_fee_std": 0.0,
      "fairness_mean": 0.771343320057338,
      "fairness_std": 0.0,
      "risk_exposure_mean": 0.08821369656767945,
      "risk_exposure_std": 0.0,
      "gas_util_mean": 0.9980519145833333,
      "gas_util_std": 0.0,
      "risky_rank_mean": 0.48386573367762753,
      "risky_rank_std": 0.0,
      "packing_ratio_mean": 0.93109375,
      "packing_ratio_std": 0.0,
      "top10_risk_mean": 0.0,
      "top10_risk_std": 0.0,
      "late_promo_mean": 0.19859856959572275,
      "late_promo_std": 0.0
    },
    "fee_risk_linear": {
      "block_fee_mean": 1534.8276741490608,
      "block_fee_std": 0.0,
      "fairness_mean": 0.7743024638177265,
      "fairness_std": 0.0,
      "risk_exposure_mean": 0.16633618325785401,
      "risk_exposure_std": 0.0,
      "gas_util_mean": 0.9985485260416667,
      "gas_util_std": 0.0,
      "risky_rank_mean": 0.562483896372439,
      "risky_rank_std": 0.0,
      "packing_ratio_mean": 0.92859375,
      "packing_ratio_std": 0.0,
      "top10_risk_mean": 0.07399918300653593,
      "top10_risk_std": 0.0,
      "late_promo_mean": 0.2232599296302763,
      "late_promo_std": 0.0
    },
    "fair_fee": {
      "block_fee_mean": 1490.5450927667341,
      "block_fee_std": 0.0,
      "fairness_mean": 0.7770433624741804,
      "fairness_std": 0.0,
      "risk_exposure_mean": 0.2858002217154296,
      "risk_exposure_std": 0.0,
      "gas_util_mean": 0.9988012208333333,
      "gas_util_std": 0.0,
      "risky_rank_mean": 0.4888165118431241,
      "risky_rank_std": 0.0,
      "packing_ratio_mean": 0.92328125,
      "packing_ratio_std": 0.0,
      "top10_risk_mean": 0.2499411442208462,
      "top10_risk_std": 0.0,
      "late_promo_mean": 0.20557417318916515,
      "late_promo_std": 0.0
    },
    "ours": {
      "block_fee_mean": 1561.8230648039564,
      "block_fee_std": 0.0,
      "fairness_mean": 0.7633869250728524,
      "fairness_std": 0.0,
      "risk_exposure_mean": 0.27184316604393544,
      "risk_exposure_std": 0.0,
      "gas_util_mean": 0.9969735489583333,
      "gas_util_std": 0.0,
      "risky_rank_mean": 0.4890063890330293,
      "risky_rank_std": 0.0,
      "packing_ratio_mean": 0.939375,
      "packing_ratio_std": 0.0,
      "top10_risk_mean": 0.14211816305469555,
      "top10_risk_std": 0.0,
      "late_promo_mean": 0.35321164603681193,
      "late_promo_std": 0.0
    }
  },
  "300": {
    "fifo": {
      "block_fee_mean": 1543.2682143147317,
      "block_fee_std": 0.0,
      "fairness_mean": 0.9267826364441214,
      "fairness_std": 0.0,
      "risk_exposure_mean": 0.19493877571404777,
      "risk_exposure_std": 0.0,
      "gas_util_mean": 0.9996787739583333,
      "gas_util_std": 0.0,
      "risky_rank_mean": 0.49593776545713364,
      "risky_rank_std": 0.0,
      "packing_ratio_mean": 0.6278125,
      "packing_ratio_std": 0.0,
      "top10_risk_mean": 0.1374823394269989,
      "top10_risk_std": 0.0,
      "late_promo_mean": 0.0,
      "late_promo_std": 0.0
    },
    "gas": {
      "block_fee_mean": 1598.6113743430087,
      "block_fee_std": 0.0,
      "fairness_mean": 0.8231674814420475,
      "fairness_std": 0.0,