{
  "0.05": {
    "fifo": {
      "block_fee_mean": 1426.4316338814724,
      "block_fee_std": 0.0,
      "fairness_mean": 0.9283606540546274,
      "fairness_std": 0.0,
      "risk_exposure_mean": 0.24331146284271282,
      "risk_exposure_std": 0.0,
      "gas_util_mean": 0.9997167854166666,
      "gas_util_std": 0.0,
      "risky_rank_mean": 0.47993002851709665,
      "risky_rank_std": 0.0,
      "packing_ratio_mean": 0.6367708333333333,
      "packing_ratio_std": 0.0,
      "top10_risk_mean": 0.04726428126074991,
      "top10_risk_std": 0.0,
      "late_promo_mean": 0.0,
      "late_promo_std": 0.0
    },
    "gas": {
      "block_fee_mean": 1475.9794509128694,
      "block_fee_std": 0.0,
      "fairness_mean": 0.8234514755586946,
      "fairness_std": 0.0,
      "risk_exposure_mean": 0.3882868867243867,
      "risk_exposure_std": 0.0,
      "gas_util_mean": 0.9997087427083333,
      "gas_util_std": 0.0,
      "risky_rank_mean": 0.47918154570054444,
      "risky_rank_std": 0.0,
      "packing_ratio_mean": 0.6282291666666666,
      "packing_ratio_std": 0.0,
      "top10_risk_mean": 0.10647233125706422,
      "top10_risk_std": 0.0,
      "late_promo_mean": 0.18654719940748427,
      "late_promo_std": 0.0
    },
    "heuristic": {
      "block_fee_mean": 1445.5379345707183,
      "block_fee_std": 0.0,
      "fairness_mean": 0.8231456271638455,
      "fairness_std": 0.0,
      "risk_exposure_mean": 0.07030573593073593,
      "risk_exposure_std": 0.0,
      "gas_util_mean": 0.9996819708333333,
      "gas_util_std": 0.0,
      "risky_rank_mean": 0.3598469065422022,
      "risky_rank_std": 0.0,
      "packing_ratio_mean": 0.6255208333333333,
      "packing_ratio_std": 0.0,
      "top10_risk_mean": 0.0,
      "top10_risk_std": 0.0,
      "late_promo_mean": 0.18993614283109111,
      "late_promo_std": 0.0
    },
    "fee_risk_linear": {
      "block_fee_mean": 1464.5905928512207,
      "block_fee_std": 0.0,
      "fairness_mean": 0.8210033195106605,
      "fairness_std": 0.0,
      "risk_exposure_mean": 0.11919408716283718,
      "risk_exposure_std": 0.0,
      "gas_util_mean": 0.9996536385416667,
      "gas_util_std": 0.0,
      "risky_rank_mean": 0.6606888057920015,
      "risky_rank_std": 0.0,
      "packing_ratio_mean": 0.6298958333333333,
      "packing_ratio_std": 0.0,
      "top10_risk_mean": 0.03327751056562976,
      "top10_risk_std": 0.0,
      "late_promo_mean": 0.18724035787575724,
      "late_promo_std": 0.0
    },
    "fair_fee": {
      "block_fee_mean": 1251.8866955193803,
      "block_fee_std": 0.0,
      "fairness_mean": 0.838103213188155,
      "fairness_std": 0.0,
      "risk_exposure_mean": 0.3426902958152958,
      "risk_exposure_std": 0.0,
      "gas_util_mean": 0.99962741875,
      "gas_util_std": 0.0,
      "risky_rank_mean": 0.3973427973602215,
      "risky_rank_std": 0.0,
      "packing_ratio_mean": 0.6341666666666668,
      "packing_ratio_std": 0.0,
      "top10_risk_mean": 0.09359297447048995,
      "top10_risk_std": 0.0,
      "late_promo_mean": 0.05960503258768631,
      "late_promo_std": 0.0
    },
    "ours": {
      "block_fee_mean": 1743.1553605058002,
      "block_fee_std": 0.0,
      "fairness_mean": 0.7980145992635304,
      "fairness_std": 0.0,
      "risk_exposure_mean": 0.22521436896436897,
      "risk_exposure_std": 0.0,
      "gas_util_mean": 0.9991425447916666,
      "gas_util_std": 0.0,
      "risky_rank_mean": 0.4453983015780653,
      "risky_rank_std": 0.0,
      "packing_ratio_mean": 0.7173958333333333,
      "packing_ratio_std": 0.0,
      "top10_risk_mean": 0.05294148785996612,
      "top10_risk_std": 0.0,
      "late_promo_mean": 0.24989335776541904,
      "late_promo_std": 0.0
    }
  },
  "0.1": {
    "fifo": {
      "block_fee_mean": 1485.0166107835,
      "block_fee_std": 0.0,
      "fairness_mean": 0.9276793367249649,
      "fairness_std": 0.0,
      "risk_exposure_mean": 0.19969521644613553,
      "risk_exposure_std": 0.0,
      "gas_util_mean": 0.9996558343749999,
      "gas_util_std": 0.0,
      "risky_rank_mean": 0.49484258051306795,
      "risky_rank_std": 0.0,
      "packing_ratio_mean": 0.6342708333333333,
      "packing_ratio_std": 0.0,
      "top10_risk_mean": 0.08727590268563566,
      "top10_risk_std": 0.0,
      "late_promo_mean": 0.0,
      "late_promo_std": 0.0
    },
    "gas": {
      "block_fee_mean": 1548.6919092585345,
      "block_fee_std": 0.0,
      "fairness_mean": 0.8221047490360075,
      "fairness_std": 0.0,
      "risk_exposure_mean": 0.332564571631804,
      "risk_exposure_std": 0.0,
      "gas_util_mean": 0.9996663635416667,
      "gas_util_std": 0.0,
      "risky_rank_mean": 0.45541966923194604,
      "risky_rank_std": 0.0,
      "packing_ratio_mean": 0.6277083333333333,
      "packing_ratio_std": 0.0,
      "top10_risk_mean": 0.21612903659270727,
      "top10_risk_std": 0.0,
      "late_promo_mean": 0.1799350627865831,
      "late_promo_std": 0.0
    },
    "heuristic": {
      "block_fee_mean": 1488.3339585996018,
      "block_fee_std": 0.0,
      "fairness_mean": 0.8225380344715337,
      "fairness_std": 0.0,
      "risk_exposure_mean": 0.07255832456587101,
      "risk_exposure_std": 0.0,
      "gas_util_mean": 0.9996798083333334,
      "gas_util_std": 0.0,
      "risky_rank_mean": 0.3673029437894406,
      "risky_rank_std": 0.0,
      "packing_ratio_mean": 0.6240625,
      "packing_ratio_std": 0.0,
      "top10_risk_mean": 0.0,
      "top10_risk_std": 0.0,
      "late_promo_mean": 0.18365852740272612,
      "late_promo_std": 0.0
    },
    "fee_risk_linear": {
      "block_fee_mean": 1536.570023068136,
      "block_fee_std": 0.0,
      "fairness_mean": 0.8232527560382028,
      "fairness_std": 0.0,
      "risk_exposure_mean": 0.09006777450587182,
      "risk_exposure_std": 0.0,
      "gas_util_mean": 0.9996955125,
      "gas_util_std": 0.0,
      "risky_rank_mean": 0.6632972310154983,
      "risky_rank_std": 0.0,
      "packing_ratio_mean": 0.6253124999999999,
      "packing_ratio_std": 0.0,
      "top10_risk_mean": 0.0644360595115239,
      "top10_risk_std": 0.0,
      "late_promo_mean": 0.16594262673041288,
      "late_promo_std": 0.0
    },
    "fair_fee": {
      "block_fee_mean": 1286.8412977407347,
      "block_fee_std": 0.0,
      "fairness_mean": 0.8459421295513931,
      "fairness_std": 0.0,
      "risk_exposure_mean": 0.38249069901546684,
      "risk_exposure_std": 0.0,
      "gas_util_mean": 0.9996852,
      "gas_util_std": 0.0,
      "risky_rank_mean": 0.4197345357990985,
      "risky_rank_std": 0.0,
      "packing_ratio_mean": 0.6317708333333334,
      "packing_ratio_std": 0.0,
      "top10_risk_mean": 0.1937470053810998,
      "top10_risk_std": 0.0,
      "late_promo_mean": 0.04983416601783421,
      "late_promo_std": 0.0
    },
    "ours": {
      "block_fee_mean": 1806.50318294743,
      "block_fee_std": 0.0,
      "fairness_mean": 0.7965926956011624,
      "fairness_std": 0.0,
      "risk_exposure_mean": 0.25013125835615196,
      "risk_exposure_std": 0.0,
      "gas_util_mean": 0.9991789124999999,
      "gas_util_std": 0.0,
      "risky_rank_mean": 0.4541970158371262,
      "risky_rank_std": 0.0,
      "packing_ratio_mean": 0.7108333333333334,
      "packing_ratio_std": 0.0,
      "top10_risk_mean": 0.12251973292090569,
      "top10_risk_std": 0.0,
      "late_promo_mean": 0.23015311315177567,
      "late_promo_std": 0.0
    }
  },
  "0.15": {
    "fifo": {
      "block_fee_mean": 1543.2682143147317,
      "block_fee_std": 0.0,
      "fairness_mean": 0.9267826364441214,
      "fairness_std": 0.0,
      "risk_exposure_mean": 0.19493877571404777,
      "risk_exposure_std": 0.0,
      "gas_util_mean": 0.9996787739583333,
      "gas_util_std": 0.0,
      "risky_rank_mean": 0.49593776545713364,
      "risky_rank_std": 0.0,
      "packing_ratio_mean": 0.6278125,
      "packing_ratio_std": 0.0,
      "top10_risk_mean": 0.1374823394269989,
      "top10_risk_std": 0.0,
      "late_promo_mean": 0.0,
      "late_promo_std": 0.0
    },