{
  "metrics": [
    "block_fee",
    "fairness",
    "risk_exposure",
    "gas_util",
    "risky_rank",
    "top10_risk",
    "late_promo"
  ],
  "summary_by_method": {
    "ours": {
      "block_fee": {
        "mean": 1871.7480257504312,
        "std": 112.22955163816272,
        "count": 32
      },
      "fairness": {
        "mean": 0.7918828056216873,
        "std": 0.026671998821712242,
        "count": 32
      },
      "risk_exposure": {
        "mean": 0.19584584283727485,
        "std": 0.09024635338231288,
        "count": 32
      },
      "gas_util": {
        "mean": 0.9990226020833333,
        "std": 0.0006251644999594466,
        "count": 32
      },
      "risky_rank": {
        "mean": 0.4623479727156067,
        "std": 0.06393107463500584,
        "count": 32
      },
      "top10_risk": {
        "mean": 0.13804778126145403,
        "std": 0.09069893273410409,
        "count": 32
      },
      "late_promo": {
        "mean": 0.2299317356423089,
        "std": 0.04626628156523211,
        "count": 32
      }
    },
    "fifo": {
      "block_fee": {
        "mean": 1543.2682143147317,
        "std": 144.62114410386903,
        "count": 32
      },
      "fairness": {
        "mean": 0.9267826364441214,
        "std": 0.019861398667653223,
        "count": 32
      },
      "risk_exposure": {
        "mean": 0.19493877571404777,
        "std": 0.09077695220213779,
        "count": 32
      },
      "gas_util": {
        "mean": 0.9996787739583333,
        "std": 0.0001940514650618861,
        "count": 32
      },
      "risky_rank": {
        "mean": 0.49593776545713364,
        "std": 0.05905538516873379,
        "count": 32
      },
      "top10_risk": {
        "mean": 0.1374823394269989,
        "std": 0.0837149098145513,
        "count": 32
      },
      "late_promo": {
        "mean": 0.0,
        "std": 0.0,
        "count": 32
      }
    },
    "gas": {
      "block_fee": {
        "mean": 1598.6113743430087,
        "std": 140.50508219395843,
        "count": 32
      },
      "fairness": {
        "mean": 0.8231674814420475,
        "std": 0.02362953278958467,
        "count": 32
      },
      "risk_exposure": {
        "mean": 0.34170551134010335,
        "std": 0.1015987751452875,
        "count": 32
      },
      "gas_util": {
        "mean": 0.9997024822916667,
        "std": 0.00018878469603558193,
        "count": 32
      },
      "risky_rank": {
        "mean": 0.4745865499553664,
        "std": 0.07208983159590852,
        "count": 32
      },
      "top10_risk": {
        "mean": 0.3133395682834537,
        "std": 0.12368033876444591,
        "count": 32
      },
      "late_promo": {
        "mean": 0.17896542459454334,
        "std": 0.026564041903147196,
        "count": 32
      }
    },
    "heuristic": {
      "block_fee": {
        "mean": 1542.9167305971,
        "std": 138.05251115139262,
        "count": 32
      },
      "fairness": {
        "mean": 0.8216363349005634,
        "std": 0.024653993875745024,
        "count": 32
      },
      "risk_exposure": {
        "mean": 0.10467317079742344,
        "std": 0.13739914823972477,
        "count": 32
      },
      "gas_util": {
        "mean": 0.9996732625,
        "std": 0.00020397936285014082,
        "count": 32
      },
      "risky_rank": {
        "mean": 0.38408296619869453,
        "std": 0.08095650228578229,
        "count": 32
      },
      "top10_risk": {
        "mean": 0.0,
        "std": 0.0,
        "count": 32
      },
      "late_promo": {
        "mean": 0.18293840134803122,
        "std": 0.030856539456991218,
        "count": 32
      }
    },
    "fee_risk_linear": {
      "block_fee": {
        "mean": 1589.087771870135,
        "std": 128.23501191654003,
        "count": 32
      },
      "fairness": {
        "mean": 0.8221099894528788,
        "std": 0.02234557867425231,
        "count": 32
      },
      "risk_exposure": {
        "mean": 0.07736994634296182,
        "std": 0.08128705109214755,
        "count": 32
      },
      "gas_util": {
        "mean": 0.9996629729166666,
        "std": 0.00021461657063584998,
        "count": 32
      },
      "risky_rank": {
        "mean": 0.6731329400988214,
        "std": 0.06833869968580329,
        "count": 32
      },
      "top10_risk": {
        "mean": 0.07275985229618162,
        "std": 0.06942373385576443,
        "count": 32
      },
      "late_promo": {
        "mean": 0.16389129187385282,
        "std": 0.03512745000933692,
        "count": 32
      }
    },
    "fair_fee": {
      "block_fee": {
        "mean": 1313.6320372700457,
        "std": 104.23870457365095,
        "count": 32
      },
      "fairness": {
        "mean": 0.8482687134941269,
        "std": 0.03525628531364316,
        "count": 32
      },
      "risk_exposure": {
        "mean": 0.3431540103440597,
        "std": 0.11282086371172126,
        "count": 32
      },
      "gas_util": {
        "mean": 0.9995629416666667,
        "std": 0.00016827792693768182,
        "count": 32
      },
      "risky_rank": {
        "mean": 0.39641131865865675,
        "std": 0.0829987673003833,
        "count": 32
      },
      "top10_risk": {
        "mean": 0.28726618937048504,
        "std": 0.11819793666450996,
        "count": 32
      },
      "late_promo": {
        "mean": 0.038958034260634,
        "std": 0.02866971704545711,
        "count": 32
      }
    }
  },
  "paired_deltas_ours_vs_baselines": {
    "fifo": {
      "block_fee": {
        "mean_delta": 328.47981143569945,
        "std_delta": 101.71662106881328,
        "median_delta": 307.2477712451506,
        "ours_better_rate": 1.0,
        "n_pairs": 32
      },
      "fairness": {
        "mean_delta": -0.13489983082243395,
        "std_delta": 0.015989777201385853,
        "median_delta": -0.13492904861671218,
        "ours_better_rate": 0.0,
        "n_pairs": 32
      },
      "risk_exposure": {
        "mean_delta": 0.0009070671232270962,
        "std_delta": 0.11980639347489912,
        "median_delta": 0.009199134199134207,
        "ours_better_rate": 0.40625,
        "n_pairs": 32
      },
      "gas_util": {
        "mean_delta": -0.000656171875000007,
        "std_delta": 0.0006761199630627948,
        "median_delta": -0.0006005666666666909,
        "ours_better_rate": 0.15625,
        "n_pairs": 32
      },
      "risky_rank": {
        "mean_delta": -0.033589792741526896,
        "std_delta": 0.07004881585819997,
        "median_delta": -0.05130024912697728,
        "ours_better_rate": 0.46875,
        "n_pairs": 32
      },
      "top10_risk": {
        "mean_delta": 0.0005654418344551611,
        "std_delta": 0.09165331476956044,
        "median_delta": 0.029106280193236717,
        "ours_better_rate": 0.4375,
        "n_pairs": 32
      },
      "late_promo": {
        "mean_delta": 0.2299317356423089,
        "std_delta": 0.04626628156523211,
        "median_delta": 0.23182564561874908,
        "ours_better_rate": 1.0,
        "n_pairs": 32
      }
    },
    "gas": {
      "block_fee": {
        "mean_delta": 273.13665140742273,
        "std_delta": 100.71569910832895,
        "median_delta": 275.13054993152673,
        "ours_better_rate": 0.96875,
        "n_pairs": 32
      },
      "fairness": {
        "mean_delta": -0.03128467582036018,
        "std_delta": 0.015861689592490163,
        "median_delta": -0.02862911009686797,
        "ours_better_rate": 0.0,
        "n_pairs": 32
      },
      "risk_exposure": {
        "mean_delta": -0.1458596685028285,
        "std_delta": 0.11467702618993167,
        "median_delta": -0.14839898426854947,
        "ours_better_rate": 0.90625,
        "n_pairs": 32
      },
      "gas_util": {
        "mean_delta": -0.0006798802083333409,
        "std_delta": 0.0006207354416592518,
        "median_delta": -0.0005936833333333169,
        "ours_better_rate": 0.0625,
        "n_pairs": 32
      },
      "risky_rank": {
        "mean_delta": -0.012238577239759681,