{
  "variant": "reward_Ours-Age+TerminalFair",
  "seed": 123,
  "shared_pool_path": "results_formal_full_20260324_r1/ablation/shared_pools/seed_123.json",
  "metrics": {
    "block_fee_mean": 1972.6968070562255,
    "block_fee_std": 161.59845821913015,
    "fairness_mean": 0.7959218755476379,
    "fairness_std": 0.024705473269909867,
    "risk_exposure_mean": 0.24486812056148238,
    "risk_exposure_std": 0.07457506344652075,
    "edge_risk_ratio_mean": 0.15589503811405986,
    "edge_risk_ratio_std": 0.055110841714336244,
    "gas_util_mean": 0.997943006,
    "gas_util_std": 0.0017246603442796161,
    "risky_rank_mean": 0.48116960409800014,
    "risky_rank_std": 0.0537292459173834,
    "packing_ratio_mean": 0.7591333333333332,
    "packing_ratio_std": 0.03691016120257402,
    "top10_risk_mean": 0.19238423677771505,
    "top10_risk_std": 0.0844914280899834,
    "late_promo_mean": 0.29259131121608556,
    "late_promo_std": 0.05592304496302665,
    "oldest_coverage_mean": 0.9107500000000001,
    "oldest_coverage_std": 0.044218444492466404,
    "starvation_gap_mean": 0.08925000000000001,
    "starvation_gap_std": 0.044218444492466404,
    "tail_wait_reduction_mean": 0.9165000000000001,
    "tail_wait_reduction_std": 0.05627289657454011,
    "selected_wait_std_mean": 84.98659150091036,
    "selected_wait_std_std": 8.417100123349208,
    "wait_p95_mean": 292.4721673394442,
    "wait_p95_std": 25.46796692157225,
    "wait_p99_mean": 302.56974756004803,
    "wait_p99_std": 26.496781073853246,
    "wait_gini_mean": 0.29051944864137624,
    "wait_gini_std": 0.022813628013127744,
    "block_fee_norm_mean": 0.8189733022423724,
    "block_fee_norm_std": 0.0388367316908689,
    "composite_score_mean": 0.6142086656715621,
    "composite_score_std": 0.02346255543430235,
    "constrained_fee_score_mean": -1.0,
    "constrained_fee_score_std": 0.0,
    "risk_adjusted_fee_score_mean": 0.7210260540177795,
    "risk_adjusted_fee_score_std": 0.048229162726645576
  }
}