{
  "variant": "reward_Ours-AgeOnly",
  "seed": 42,
  "shared_pool_path": "results_dryrun_full_rerun_20260323/ablation/shared_pools/seed_42.json",
  "metrics": {
    "block_fee_mean": 1704.8457188015948,
    "block_fee_std": 166.7742148860092,
    "fairness_mean": 0.8993996002554514,
    "fairness_std": 0.046338810936492565,
    "risk_exposure_mean": 0.31853602128002245,
    "risk_exposure_std": 0.08262048996201,
    "gas_util_mean": 0.9994769697916666,
    "gas_util_std": 0.0003836330218341826,
    "risky_rank_mean": 0.41872332424545544,
    "risky_rank_std": 0.06508158850378608,
    "packing_ratio_mean": 0.6477083333333333,
    "packing_ratio_std": 0.07088447908392922,
    "top10_risk_mean": 0.3805323763949273,
    "top10_risk_std": 0.13641812552123325,
    "late_promo_mean": 0.016169444834386176,
    "late_promo_std": 0.015218114709535074,
    "oldest_coverage_mean": 1.0,
    "oldest_coverage_std": 0.0,
    "starvation_gap_mean": 0.0,
    "starvation_gap_std": 0.0,
    "tail_wait_reduction_mean": 1.0,
    "tail_wait_reduction_std": 0.0,
    "selected_wait_std_mean": 64.85099763593169,
    "selected_wait_std_std": 13.040101401268267,
    "block_fee_norm_mean": 0.7002863357032041,
    "block_fee_norm_std": 0.0655029236633687,
    "composite_score_mean": 0.59125723008914,
    "composite_score_std": 0.028612565245293084
  }
}