{"episode": [1, 2, 3, 4, 5, 6, 7, 8, 9, 10, 11, 12, 13, 14, 15, 16, 17, 18, 19, 20, 21, 22, 23, 24, 25, 26, 27, 28, 29, 30, 31, 32, 33, 34, 35, 36, 37, 38, 39, 40, 41, 42, 43, 44, 45, 46, 47, 48, 49, 50, 51, 52, 53, 54, 55, 56, 57, 58, 59, 60, 61, 62, 63, 64, 65, 66, 67, 68, 69, 70, 71, 72, 73, 74, 75, 76, 77, 78, 79, 80, 81, 82, 83, 84, 85, 86, 87, 88, 89, 90, 91, 92, 93, 94, 95, 96, 97, 98, 99, 100, 101, 102, 103, 104, 105, 106, 107, 108, 109, 110, 111, 112, 113, 114, 115, 116, 117, 118, 119, 120, 121, 122, 123, 124, 125, 126, 127, 128, 129, 130, 131, 132, 133, 134, 135, 136, 137, 138, 139, 140, 141, 142, 143, 144, 145, 146, 147, 148, 149, 150], "reward": [-0.11000000000000001, -0.11000000000000001, -0.11000000000000001, -0.11000000000000001, -0.11000000000000001, -0.11000000000000001, -0.012576066457574836, -0.17341381537554718, 0.2178320483646601, -0.11000000000000001, -0.11000000000000001, -0.46799663773684586, -0.11000000000000001, -0.11000000000000001, -0.11000000000000001, -0.11000000000000001, -0.11000000000000001, -0.11000000000000001, -0.11000000000000001, -0.11000000000000001, -0.11000000000000001, -0.11000000000000001, -0.3728380198721952, -0.11000000000000001, -0.2571023247623681, -0.09482381262846795, 0.08087860207331221, -0.11000000000000001, -0.11000000000000001, -0.0684365579651472, -0.11000000000000001, -0.11000000000000001, -0.11000000000000001, -0.11000000000000001, -0.11000000000000001, -0.01830184162199107, -0.23911572001052514, -0.2612283465026396, -0.11260241231186799, -0.11000000000000001, -0.19248475440616294, -0.11000000000000001, -0.14390794095227386, -0.11000000000000001, -0.03192259580983692, -0.11000000000000001, 0.3460560349546291, -0.11000000000000001, -0.26305886638219833, -0.5994792804526632, -0.11000000000000001, 0.16221903417404918, -0.11000000000000001, -0.11000000000000001, -0.11000000000000001, -0.07939742773728942, -0.08759563911300752, -0.1287557598705831, -0.11000000000000001, -0.11000000000000001, -0.11000000000000001, -0.11000000000000001, -0.0775065300814975, -0.11000000000000001, -0.29347090588225544, -0.11000000000000001, -0.11000000000000001, -0.11000000000000001, -0.11000000000000001, -0.11000000000000001, -0.11000000000000001, -0.11000000000000001, -0.11000000000000001, -0.11000000000000001, -0.11000000000000001, -0.11000000000000001, -0.06339993545287949, -0.11000000000000001, -0.11000000000000001, -0.014158898422672303, -0.22394524714321545, -0.11000000000000001, -0.11000000000000001, -0.11000000000000001, -0.11000000000000001, -0.11000000000000001, -0.11000000000000001, -0.11000000000000001, -0.11000000000000001, -0.11000000000000001, -0.11000000000000001, -0.11000000000000001, -0.4979961100230519, -0.15084767454220194, -0.11000000000000001, -0.11000000000000001, -0.11000000000000001, -0.11000000000000001, 0.15487623428005456, -0.11000000000000001, -0.2514540618707178, -0.11000000000000001, -0.11000000000000001, -0.35855153323183486, -0.11000000000000001, -0.11000000000000001, 0.2011115560872169, -0.11000000000000001, -0.21436961538627405, -0.10585757262725017, -0.11000000000000001, -0.11000000000000001, -0.08249985963905454, 0.3832002037622829, -0.11000000000000001, 0.011499918805507298, -0.11000000000000001, -0.11000000000000001, -0.1800412083993912, 0.1732466469454391, -0.11000000000000001, -0.11000000000000001, -0.11000000000000001, -0.11000000000000001, -0.11000000000000001, 0.10781705211174136, -0.11393866737606538, -0.17299965493335134, -0.11000000000000001, -0.11000000000000001, -0.11000000000000001, -0.11000000000000001, -0.3173640650623175, -0.11000000000000001, -0.11000000000000001, 0.21750353869521624, 0.010005701254378718, -0.07029955767907593, -0.11000000000000001, -0.17748226279779145, -0.11000000000000001, -0.09052169359932655, -0.11000000000000001, 0.03265327834423523, -0.11000000000000001, -0.11000000000000001, -0.11000000000000001, -0.23603973073342138, -0.11000000000000001, -0.11000000000000001], "fee": [0.0, 0.0, 0.0, 0.0, 0.0, 0.0, 29.144407648326904, 5.850355415515592, 28.95498403616222, 0.0, 0.0, 21.660152420070176, 0.0, 0.0, 0.0, 0.0, 0.0, 0.0, 0.0, 0.0, 0.0, 0.0, 11.305118046999786, 0.0, 24.628201624705632, 4.361029081737451, 18.193743878037758, 0.0, 0.0, 9.842503832354549, 0.0, 0.0, 0.0, 0.0, 0.0, 12.460068729024076, 1.7061106715626584, 6.065087935213115, 14.584683005766074, 0.0, 20.353168300702688, 0.0, 17.91475915706336, 0.0, 10.642610908572768, 0.0, 37.46345885394352, 0.0, 9.6326162445321, 20.434972013027537, 0.0, 16.056026363480445, 0.0, 0.0, 0.0, 20.720455965935063, 12.776367705488221, 10.363119622507135, 0.0, 0.0, 0.0, 0.0, 18.673098801554435, 0.0, 11.16847933744637, 0.0, 0.0, 0.0, 0.0, 0.0, 0.0, 0.0, 0.0, 0.0, 0.0, 0.0, 14.359563469883152, 0.0, 0.0, 11.950369299055001, 11.761180588447196, 0.0, 0.0, 0.0, 0.0, 0.0, 0.0, 0.0, 0.0, 0.0, 0.0, 0.0, 13.808394389295481, 3.471788564794671, 0.0, 0.0, 0.0, 0.0, 26.62229258921406, 0.0, 21.501128273341767, 0.0, 0.0, 7.7904994373406975, 0.0, 0.0, 15.892642805788745, 0.0, 9.347213789060905, 4.513815576151995, 0.0, 0.0, 8.459822100514337, 29.593233729108213, 0.0, 35.63985233842476, 0.0, 0.0, 1.6509626478658095, 22.78967088158634, 0.0, 0.0, 0.0, 0.0, 0.0, 20.850707306125727, 2.120237857156048, 2.5105763564215704, 0.0, 0.0, 0.0, 0.0, 7.550667188722766, 0.0, 0.0, 90.14901065233497, 7.559978835443317, 4.357788383596966, 0.0, 4.070723897265627, 0.0, 1.3080909763507917, 0.0, 27.573249260905612, 0.0, 0.0, 0.0, 21.479165537313, 0.0, 0.0], "steps": [0, 0, 0, 0, 0, 0, 2, 1, 1, 0, 0, 2, 0, 0, 0, 0, 0, 0, 0, 0, 0, 0, 1, 0, 1, 1, 1, 0, 0, 2, 0, 0, 0, 0, 0, 3, 1, 2, 3, 0, 2, 0, 1, 0, 1, 0, 2, 0, 1, 4, 0, 2, 0, 0, 0, 3, 1, 2, 0, 0, 0, 0, 2, 0, 1, 0, 0, 0, 0, 0, 0, 0, 0, 0, 0, 0, 2, 0, 0, 2, 2, 0, 0, 0, 0, 0, 0, 0, 0, 0, 0, 0, 2, 1, 0, 0, 0, 0, 1, 0, 2, 0, 0, 1, 0, 0, 1, 0, 2, 1, 0, 0, 2, 1, 0, 3, 0, 0, 1, 3, 0, 0, 0, 0, 0, 4, 1, 1, 0, 0, 0, 0, 3, 0, 0, 3, 2, 1, 0, 1, 0, 1, 0, 2, 0, 0, 0, 2, 0, 0],