{
  "variant": "struct_Ours-Full",
  "seed": 42,
  "shared_pool_path": "results_dryrun_full_20260324_r1/ablation/shared_pools/seed_42.json",
  "metrics": {
    "block_fee_mean": 1682.9412025958964,
    "block_fee_std": 133.77594753786389,
    "fairness_mean": 0.9084511465142805,
    "fairness_std": 0.029558682282116985,
    "risk_exposure_mean": 0.20710763437200116,
    "risk_exposure_std": 0.06551953415671022,
    "edge_risk_ratio_mean": 0.14718787090541785,
    "edge_risk_ratio_std": 0.05492978001451693,
    "gas_util_mean": 0.9996679833333333,
    "gas_util_std": 0.00019733422842560947,
    "risky_rank_mean": 0.4787879962098081,
    "risky_rank_std": 0.05396355908610245,
    "packing_ratio_mean": 0.6502083333333333,
    "packing_ratio_std": 0.0459992262918024,
    "top10_risk_mean": 0.16959295684330178,
    "top10_risk_std": 0.07815232900445943,
    "late_promo_mean": 0.005419239995252603,
    "late_promo_std": 0.007197977024441927,
    "oldest_coverage_mean": 1.0,
    "oldest_coverage_std": 0.0,
    "starvation_gap_mean": 0.0,
    "starvation_gap_std": 0.0,
    "tail_wait_reduction_mean": 1.0,
    "tail_wait_reduction_std": 0.0,
    "selected_wait_std_mean": 62.98343734832969,
    "selected_wait_std_std": 8.907813167397292,
    "wait_p95_mean": 295.167436016686,
    "wait_p95_std": 19.205561514003577,
    "wait_p99_mean": 303.15283522487255,
    "wait_p99_std": 19.727520059601982,
    "wait_gini_mean": 0.18049248845377533,
    "wait_gini_std": 0.031301568915273796,
    "block_fee_norm_mean": 0.6911570486209012,
    "block_fee_norm_std": 0.05049939222463806,
    "composite_score_mean": 0.6121540792025304,
    "composite_score_std": 0.01679596068526201,
    "constrained_fee_score_mean": 0.09584191854379003,
    "constrained_fee_score_std": 0.7937971747020379,
    "risk_adjusted_fee_score_mean": 0.6083139948721008,
    "risk_adjusted_fee_score_std": 0.048288074822614165
  }
}