{
  "Ours-AgeOnly": {
    "block_fee_mean": 1704.8457188015948,
    "block_fee_std": 0.0,
    "fairness_mean": 0.8993996002554514,
    "fairness_std": 0.0,
    "risk_exposure_mean": 0.31853602128002245,
    "risk_exposure_std": 0.0,
    "gas_util_mean": 0.9994769697916666,
    "gas_util_std": 0.0
  },
  "Ours-Age+Risk": {
    "block_fee_mean": 1565.1350770103088,
    "block_fee_std": 0.0,
    "fairness_mean": 0.9323999423370486,
    "fairness_std": 0.0,
    "risk_exposure_mean": 0.2475580602385251,
    "risk_exposure_std": 0.0,
    "gas_util_mean": 0.999683784375,
    "gas_util_std": 0.0
  },
  "Ours-Age+TerminalFair": {
    "block_fee_mean": 1696.090157580433,
    "block_fee_std": 0.0,
    "fairness_mean": 0.9031528967719019,
    "fairness_std": 0.0,
    "risk_exposure_mean": 0.27935225702077293,
    "risk_exposure_std": 0.0,
    "gas_util_mean": 0.99971960625,
    "gas_util_std": 0.0
  },
  "Ours-FullBalanced": {
    "block_fee_mean": 1543.320229215362,
    "block_fee_std": 0.0,
    "fairness_mean": 0.9331353389982915,
    "fairness_std": 0.0,
    "risk_exposure_mean": 0.26447656667083314,
    "risk_exposure_std": 0.0,
    "gas_util_mean": 0.99964781875,
    "gas_util_std": 0.0
  }
}