{
  "variant": "reward_Ours-Age+Risk",
  "seed": 123,
  "shared_pool_path": "results_formal_full_20260324_r1/ablation/shared_pools/seed_123.json",
  "metrics": {
    "block_fee_mean": 1799.7274719663435,
    "block_fee_std": 158.3199903687698,
    "fairness_mean": 0.8571254963160575,
    "fairness_std": 0.02319922880693256,
    "risk_exposure_mean": 0.22343276720326904,
    "risk_exposure_std": 0.07391248689115536,
    "edge_risk_ratio_mean": 0.14635788568773325,
    "edge_risk_ratio_std": 0.057352070569471746,
    "gas_util_mean": 0.999272249,
    "gas_util_std": 0.0005367349961563886,
    "risky_rank_mean": 0.48581245534345774,
    "risky_rank_std": 0.05196623213119551,
    "packing_ratio_mean": 0.7042166666666667,
    "packing_ratio_std": 0.04190528672560964,
    "top10_risk_mean": 0.16801824525663533,
    "top10_risk_std": 0.08110635422354631,
    "late_promo_mean": 0.12788983008519067,
    "late_promo_std": 0.03659224973944679,
    "oldest_coverage_mean": 1.0,
    "oldest_coverage_std": 0.0,
    "starvation_gap_mean": 0.0,
    "starvation_gap_std": 0.0,
    "tail_wait_reduction_mean": 1.0,
    "tail_wait_reduction_std": 0.0,
    "selected_wait_std_mean": 76.57848501809954,
    "selected_wait_std_std": 8.208488408388366,
    "wait_p95_mean": 294.44337841963005,
    "wait_p95_std": 25.645335300349448,
    "wait_p99_mean": 302.9644718349871,
    "wait_p99_std": 26.502041057236593,
    "wait_gini_mean": 0.23093158288347845,
    "wait_gini_std": 0.02358874935316003,
    "block_fee_norm_mean": 0.7474417349984671,
    "block_fee_norm_std": 0.04783828740260615,
    "composite_score_mean": 0.6185715146377474,
    "composite_score_std": 0.02225118487695079,
    "constrained_fee_score_mean": -0.9832387645251717,
    "constrained_fee_score_std": 0.16684240504246722,
    "risk_adjusted_fee_score_mean": 0.6580686281171595,
    "risk_adjusted_fee_score_std": 0.05360265905676687
  }
}