{
  "variant": "struct_Ours-Full",
  "seed": 42,
  "shared_pool_path": "results_dryrun_gpu_20260324_defaultgpu/ablation/shared_pools/seed_42.json",
  "metrics": {
    "block_fee_mean": 1695.2080346704352,
    "block_fee_std": 131.34453262059355,
    "fairness_mean": 0.9070369335553123,
    "fairness_std": 0.028317136728430888,
    "risk_exposure_mean": 0.22931833304514337,
    "risk_exposure_std": 0.06645002596431462,
    "gas_util_mean": 0.9997186958333334,
    "gas_util_std": 0.00016730266044200293,
    "risky_rank_mean": 0.480746571917774,
    "risky_rank_std": 0.05887158062727529,
    "packing_ratio_mean": 0.6559375,
    "packing_ratio_std": 0.04381728456994265,
    "top10_risk_mean": 0.19599110577245252,
    "top10_risk_std": 0.0925590249430532,
    "late_promo_mean": 0.00618885167854901,
    "late_promo_std": 0.007237978159934235,
    "oldest_coverage_mean": 1.0,
    "oldest_coverage_std": 0.0,
    "starvation_gap_mean": 0.0,
    "starvation_gap_std": 0.0,
    "tail_wait_reduction_mean": 1.0,
    "tail_wait_reduction_std": 0.0,
    "selected_wait_std_mean": 63.32579306813956,
    "selected_wait_std_std": 8.923319057696828,
    "block_fee_norm_mean": 0.6962449706188794,
    "block_fee_norm_std": 0.04986029810585959,
    "composite_score_mean": 0.609393555027351,
    "composite_score_std": 0.020398410236797823,
    "constrained_fee_score_mean": 0.6962449706188794,
    "constrained_fee_score_std": 0.04986029810585959,
    "risk_adjusted_fee_score_mean": 0.6045176374008219,
    "risk_adjusted_fee_score_std": 0.05445358027132425
  }
}