{
  "variant": "reward_Ours-Age+TerminalFair",
  "seed": 42,
  "shared_pool_path": "results_formal_full_20260324_r1/ablation/shared_pools/seed_42.json",
  "metrics": {
    "block_fee_mean": 1863.674013809776,
    "block_fee_std": 157.70331275221753,
    "fairness_mean": 0.8488155183151233,
    "fairness_std": 0.022550529932166063,
    "risk_exposure_mean": 0.23366264371798273,
    "risk_exposure_std": 0.07543794022613907,
    "edge_risk_ratio_mean": 0.1819726891148516,
    "edge_risk_ratio_std": 0.06829556996026923,
    "gas_util_mean": 0.9991790131666667,
    "gas_util_std": 0.0006340661441477661,
    "risky_rank_mean": 0.4426594851230984,
    "risky_rank_std": 0.054783641689022215,
    "packing_ratio_mean": 0.7204666666666667,
    "packing_ratio_std": 0.04156392666724356,
    "top10_risk_mean": 0.23782606330232184,
    "top10_risk_std": 0.10581051915266738,
    "late_promo_mean": 0.1720137809039456,
    "late_promo_std": 0.04661506899857845,
    "oldest_coverage_mean": 1.0,
    "oldest_coverage_std": 0.0,
    "starvation_gap_mean": 0.0,
    "starvation_gap_std": 0.0,
    "tail_wait_reduction_mean": 1.0,
    "tail_wait_reduction_std": 0.0,
    "selected_wait_std_mean": 77.82456210931002,
    "selected_wait_std_std": 7.949201314382395,
    "wait_p95_mean": 293.1808685804837,
    "wait_p95_std": 26.42019419348097,
    "wait_p99_mean": 301.76407034193505,
    "wait_p99_std": 26.66139389125285,
    "wait_gini_mean": 0.23892661344210567,
    "wait_gini_std": 0.02305214769322476,
    "block_fee_norm_mean": 0.7719005273736766,
    "block_fee_norm_std": 0.0447259316875406,
    "composite_score_mean": 0.624231561784655,
    "composite_score_std": 0.02163045044245464,
    "constrained_fee_score_mean": -0.9914080626168268,
    "constrained_fee_score_std": 0.12120419221824609,
    "risk_adjusted_fee_score_mean": 0.6784354698864837,
    "risk_adjusted_fee_score_std": 0.052376225897825875
  }
}