{
  "variant": "struct_No-STOP",
  "seed": 42,
  "shared_pool_path": "results_formal_full_20260324_r1/ablation/shared_pools/seed_42.json",
  "metrics": {
    "block_fee_mean": 1649.3956111476373,
    "block_fee_std": 145.09589833675486,
    "fairness_mean": 0.8435061410479037,
    "fairness_std": 0.027493873202596445,
    "risk_exposure_mean": 0.09116894610932694,
    "risk_exposure_std": 0.06566863411557626,
    "edge_risk_ratio_mean": 0.04266585750346183,
    "edge_risk_ratio_std": 0.030869559883308716,
    "gas_util_mean": 0.9992725684999999,
    "gas_util_std": 0.0005694816883818105,
    "risky_rank_mean": 0.5334969613036398,
    "risky_rank_std": 0.06093270354531857,
    "packing_ratio_mean": 0.7007833333333333,
    "packing_ratio_std": 0.040925375855193916,
    "top10_risk_mean": 0.006018515103149643,
    "top10_risk_std": 0.017622654627969157,
    "late_promo_mean": 0.16363314696429382,
    "late_promo_std": 0.04639613120940969,
    "oldest_coverage_mean": 0.9944999999999999,
    "oldest_coverage_std": 0.01119399640680467,
    "starvation_gap_mean": 0.005500000000000009,
    "starvation_gap_std": 0.01119399640680467,
    "tail_wait_reduction_mean": 0.9991666666666668,
    "tail_wait_reduction_std": 0.005204164998665331,
    "selected_wait_std_mean": 79.06714744259202,
    "selected_wait_std_std": 8.580185939444148,
    "wait_p95_mean": 293.4591612470229,
    "wait_p95_std": 26.43672843907277,
    "wait_p99_mean": 301.81981530253535,
    "wait_p99_std": 26.660848879099976,
    "wait_gini_mean": 0.2440325796347844,
    "wait_gini_std": 0.02758930293940694,
    "block_fee_norm_mean": 0.6835969499342168,
    "block_fee_norm_std": 0.04935039063658839,
    "composite_score_mean": 0.6152565260137972,
    "composite_score_std": 0.022835907122699856,
    "constrained_fee_score_mean": -0.9747589617688982,
    "constrained_fee_score_std": 0.20459697557129347,
    "risk_adjusted_fee_score_mean": 0.647129371490486,
    "risk_adjusted_fee_score_std": 0.05832670177079682
  }
}