{
  "variant": "struct_No-STOP",
  "seed": 42,
  "shared_pool_path": "results_dryrun_gpu_20260323_v2/ablation/shared_pools/seed_42.json",
  "metrics": {
    "block_fee_mean": 1787.174059261172,
    "block_fee_std": 130.72360647072634,
    "fairness_mean": 0.855478793821112,
    "fairness_std": 0.02127211161110585,
    "risk_exposure_mean": 0.22112107415038215,
    "risk_exposure_std": 0.06100832740304249,
    "gas_util_mean": 0.9992946947916668,
    "gas_util_std": 0.0004995334980084915,
    "risky_rank_mean": 0.5193278696649117,
    "risky_rank_std": 0.060204300272365334,
    "packing_ratio_mean": 0.7098958333333333,
    "packing_ratio_std": 0.03533062465049895,
    "top10_risk_mean": 0.1513462819598403,
    "top10_risk_std": 0.06413962760093767,
    "late_promo_mean": 0.14972738009253916,
    "late_promo_std": 0.04418084487443944,
    "oldest_coverage_mean": 1.0,
    "oldest_coverage_std": 0.0,
    "starvation_gap_mean": 0.0,
    "starvation_gap_std": 0.0,
    "tail_wait_reduction_mean": 1.0,
    "tail_wait_reduction_std": 0.0,
    "selected_wait_std_mean": 76.52270522896217,
    "selected_wait_std_std": 6.193736272630498,
    "block_fee_norm_mean": 0.7335746854874343,
    "block_fee_norm_std": 0.041461507572185745,
    "composite_score_mean": 0.6130753578201753,
    "composite_score_std": 0.017954861410572023,
    "constrained_fee_score_mean": 0.7335746854874343,
    "constrained_fee_score_std": 0.041461507572185745,
    "risk_adjusted_fee_score_mean": 0.6451262558272816,
    "risk_adjusted_fee_score_std": 0.04592659999116036
  }
}