{
  "settings": {
    "oldest_ratio": 0.2,
    "tail_quantile": 0.9
  },
  "metrics": [
    "fairness",
    "oldest_coverage",
    "starvation_gap",
    "tail_wait_reduction",
    "selected_wait_std",
    "wait_p95",
    "wait_p99",
    "wait_gini",
    "composite_score"
  ],
  "methods": {
    "ours": {
      "fairness_mean": 0.8992958219661872,
      "fairness_std": 0.03221048269872821,
      "oldest_coverage_mean": 0.9999666666666667,
      "oldest_coverage_std": 0.0007446102634562915,
      "starvation_gap_mean": 3.3333333333333437e-05,
      "starvation_gap_std": 0.0007446102634562915,
      "tail_wait_reduction_mean": 1.0,
      "tail_wait_reduction_std": 0.0,
      "selected_wait_std_mean": 65.66559096944869,
      "selected_wait_std_std": 9.745986550577733,
      "wait_p95_mean": 295.46802960504215,
      "wait_p95_std": 26.41320725614966,
      "wait_p99_mean": 303.52416666588203,
      "wait_p99_std": 27.083755944502105,
      "wait_gini_mean": 0.1891517295833866,
      "wait_gini_std": 0.034285921922577345,
      "composite_score_mean": 0.6218696817211214,
      "composite_score_std": 0.024534112754523302
    },
    "fifo": {
      "fairness_mean": 0.9342338377560996,
      "fairness_std": 0.019379509010308247,
      "oldest_coverage_mean": 1.0,
      "oldest_coverage_std": 0.0,
      "starvation_gap_mean": 0.0,
      "starvation_gap_std": 0.0,
      "tail_wait_reduction_mean": 1.0,
      "tail_wait_reduction_std": 0.0,
      "selected_wait_std_mean": 55.139072892542245,
      "selected_wait_std_std": 8.102554337799358,
      "wait_p95_mean": 296.1907903077167,
      "wait_p95_std": 26.474754568344697,
      "wait_p99_mean": 303.6701149350614,
      "wait_p99_std": 27.09557175831129,
      "wait_gini_mean": 0.15119353262836144,
      "wait_gini_std": 0.023876417654189446,
      "composite_score_mean": 0.5930840007376105,
      "composite_score_std": 0.02504746070487782
    },
    "gas": {
      "fairness_mean": 0.8265481181122983,
      "fairness_std": 0.02368372712235828,
      "oldest_coverage_mean": 0.9276833333333333,
      "oldest_coverage_std": 0.03850713858782838,
      "starvation_gap_mean": 0.0723166666666667,
      "starvation_gap_std": 0.03850713858782838,
      "tail_wait_reduction_mean": 0.9669333333333334,
      "tail_wait_reduction_std": 0.034704082372731496,
      "selected_wait_std_mean": 83.81985668561121,
      "selected_wait_std_std": 8.671583095158498,
      "wait_p95_mean": 296.10024422553613,
      "wait_p95_std": 26.43742073780653,
      "wait_p99_mean": 303.66352549272654,
      "wait_p99_std": 27.087679115518274,
      "wait_gini_mean": 0.2603229560087024,
      "wait_gini_std": 0.023018208036389126,
      "composite_score_mean": 0.5349534680004533,
      "composite_score_std": 0.03660604588610388
    },
    "heuristic": {
      "fairness_mean": 0.8265190785223442,
      "fairness_std": 0.023526697000962146,
      "oldest_coverage_mean": 0.9297333333333333,
      "oldest_coverage_std": 0.03768046944741768,
      "starvation_gap_mean": 0.07026666666666669,
      "starvation_gap_std": 0.03768046944741768,
      "tail_wait_reduction_mean": 0.9674333333333334,
      "tail_wait_reduction_std": 0.034358744641405814,
      "selected_wait_std_mean": 83.8053768149174,
      "selected_wait_std_std": 8.692766372569281,
      "wait_p95_mean": 296.08487307083686,
      "wait_p95_std": 26.45306537394655,
      "wait_p99_mean": 303.65711446182235,
      "wait_p99_std": 27.087413763718594,
      "wait_gini_mean": 0.2603793357797276,
      "wait_gini_std": 0.02288880145801043,
      "composite_score_mean": 0.5821249763682594,
      "composite_score_std": 0.023841944681540574
    },
    "fee_risk_linear": {
      "fairness_mean": 0.8267139594400104,
      "fairness_std": 0.022996672941942988,
      "oldest_coverage_mean": 0.9270166666666665,
      "oldest_coverage_std": 0.0386916550003572,
      "starvation_gap_mean": 0.07298333333333334,
      "starvation_gap_std": 0.0386916550003572,
      "tail_wait_reduction_mean": 0.9653000000000002,
      "tail_wait_reduction_std": 0.035610844166099484,
      "selected_wait_std_mean": 83.7805831777264,
      "selected_wait_std_std": 8.588688128673454,
      "wait_p95_mean": 296.09495564699233,
      "wait_p95_std": 26.447285416552713,
      "wait_p99_mean": 303.65891737867946,
      "wait_p99_std": 27.093159130705747,
      "wait_gini_mean": 0.2602098191003092,
      "wait_gini_std": 0.022404947365380727,
      "composite_score_mean": 0.5876365131850169,
      "composite_score_std": 0.0329511645666237
    },
    "fair_fee": {
      "fairness_mean": 0.8492665377310953,
      "fairness_std": 0.03926566003121354,
      "oldest_coverage_mean": 0.9025666666666666,
      "oldest_coverage_std": 0.040675832300437725,
      "starvation_gap_mean": 0.09743333333333334,
      "starvation_gap_std": 0.040675832300437725,
      "tail_wait_reduction_mean": 0.9449333333333335,
      "tail_wait_reduction_std": 0.041618585591856265,
      "selected_wait_std_mean": 77.52680880692321,
      "selected_wait_std_std": 10.894755469478987,
      "wait_p95_mean": 295.9419277784499,
      "wait_p95_std": 26.467653345752844,
      "wait_p99_mean": 303.6518421636204,
      "wait_p99_std": 27.097616094498537,
      "wait_gini_mean": 0.23986125040480857,
      "wait_gini_std": 0.038126543609824266,
      "composite_score_mean": 0.5011568348845901,
      "composite_score_std": 0.029754184370931563
    }
  }
}