{
  "ours": {
    "block_fee_mean": 1725.054789301877,
    "block_fee_std": 174.1741935387441,
    "fairness_mean": 0.8992958219661872,
    "fairness_std": 0.03221048269872821,
    "risk_exposure_mean": 0.19410299725463784,
    "risk_exposure_std": 0.0860174068891285,
    "edge_risk_ratio_mean": 0.10638339851678137,
    "edge_risk_ratio_std": 0.05137934647227554,
    "gas_util_mean": 0.9996633477666667,
    "gas_util_std": 0.00020651954008038127,
    "risky_rank_mean": 0.5519175187571622,
    "risky_rank_std": 0.06197283692803127,
    "packing_ratio_mean": 0.6656066666666666,
    "packing_ratio_std": 0.05360958413484581,
    "top10_risk_mean": 0.0940403633143154,
    "top10_risk_std": 0.06990620764193914,
    "late_promo_mean": 0.02407697101365581,
    "late_promo_std": 0.02160164484694641,
    "oldest_coverage_mean": 0.9999666666666667,
    "oldest_coverage_std": 0.0007446102634562915,
    "starvation_gap_mean": 3.3333333333333437e-05,
    "starvation_gap_std": 0.0007446102634562915,
    "tail_wait_reduction_mean": 1.0,
    "tail_wait_reduction_std": 0.0,
    "selected_wait_std_mean": 65.66559096944869,
    "selected_wait_std_std": 9.745986550577733,
    "wait_p95_mean": 295.46802960504215,
    "wait_p95_std": 26.41320725614966,
    "wait_p99_mean": 303.52416666588203,
    "wait_p99_std": 27.083755944502105,
    "wait_gini_mean": 0.1891517295833866,
    "wait_gini_std": 0.034285921922577345,
    "block_fee_norm_mean": 0.7146783142012555,
    "block_fee_norm_std": 0.05347369472553582,
    "composite_score_mean": 0.6218696817211214,
    "composite_score_std": 0.024534112754523302,
    "constrained_fee_score_mean": -0.2020440512109177,
    "constrained_fee_score_std": 0.8445868676797713,
    "risk_adjusted_fee_score_mean": 0.6370371152994003,
    "risk_adjusted_fee_score_std": 0.06587238723210229
  },
  "fifo": {
    "block_fee_mean": 1498.5372645183816,
    "block_fee_std": 162.95054639602716,
    "fairness_mean": 0.9342338377560996,
    "fairness_std": 0.019379509010308247,
    "risk_exposure_mean": 0.1940394790602633,
    "risk_exposure_std": 0.07531433261615343,
    "edge_risk_ratio_mean": 0.12845142289042377,
    "edge_risk_ratio_std": 0.05447618438725529,
    "gas_util_mean": 0.9996578127666667,
    "gas_util_std": 0.00020461601717013038,
    "risky_rank_mean": 0.4989355646425274,
    "risky_rank_std": 0.05783522655921142,
    "packing_ratio_mean": 0.6207966666666667,
    "packing_ratio_std": 0.04473997454427329,
    "top10_risk_mean": 0.129300848872938,
    "top10_risk_std": 0.08011924539687063,
    "late_promo_mean": 0.0,
    "late_promo_std": 0.0,
    "oldest_coverage_mean": 1.0,
    "oldest_coverage_std": 0.0,
    "starvation_gap_mean": 0.0,
    "starvation_gap_std": 0.0,
    "tail_wait_reduction_mean": 1.0,
    "tail_wait_reduction_std": 0.0,
    "selected_wait_std_mean": 55.139072892542245,
    "selected_wait_std_std": 8.102554337799358,
    "wait_p95_mean": 296.1907903077167,
    "wait_p95_std": 26.474754568344697,
    "wait_p99_mean": 303.6701149350614,
    "wait_p99_std": 27.09557175831129,
    "wait_gini_mean": 0.15119353262836144,
    "wait_gini_std": 0.023876417654189446,
    "block_fee_norm_mean": 0.6208335927765959,
    "block_fee_norm_std": 0.05280631767593527,
    "composite_score_mean": 0.5930840007376105,
    "composite_score_std": 0.02504746070487782,
    "constrained_fee_score_mean": 0.3870162214733964,
    "constrained_fee_score_std": 0.5685319823197094,
    "risk_adjusted_fee_score_mean": 0.5432178011524905,
    "risk_adjusted_fee_score_std": 0.061851720807709884
  },
  "gas": {
    "block_fee_mean": 1577.9190944593488,
    "block_fee_std": 164.28555071230954,
    "fairness_mean": 0.8265481181122983,
    "fairness_std": 0.02368372712235828,
    "risk_exposure_mean": 0.361867840970434,
    "risk_exposure_std": 0.10453024159075723,
    "edge_risk_ratio_mean": 0.25219829840940605,
    "edge_risk_ratio_std": 0.08473960831919,
    "gas_util_mean": 0.9996666952333334,
    "gas_util_std": 0.00020061089984941093,
    "risky_rank_mean": 0.45645711837205194,
    "risky_rank_std": 0.0699812546236912,
    "packing_ratio_mean": 0.6200333333333333,
    "packing_ratio_std": 0.04524549087416827,
    "top10_risk_mean": 0.3371861015108491,
    "top10_risk_std": 0.11869998902337169,
    "late_promo_mean": 0.1860583606588368,
    "late_promo_std": 0.04755094767936423,
    "oldest_coverage_mean": 0.9276833333333333,
    "oldest_coverage_std": 0.03850713858782838,
    "starvation_gap_mean": 0.0723166666666667,
    "starvation_gap_std": 0.03850713858782838,
    "tail_wait_reduction_mean": 0.9669333333333334,
    "tail_wait_reduction_std": 0.034704082372731496,
    "selected_wait_std_mean": 83.81985668561121,
    "selected_wait_std_std": 8.671583095158498,
    "wait_p95_mean": 296.10024422553613,
    "wait_p95_std": 26.43742073780653,
    "wait_p99_mean": 303.66352549272654,
    "wait_p99_std": 27.087679115518274,
    "wait_gini_mean": 0.2603229560087024,
    "wait_gini_std": 0.023018208036389126,
    "block_fee_norm_mean": 0.6538437666661641,
    "block_fee_norm_std": 0.053388554233578155,
    "composite_score_mean": 0.5349534680004533,
    "composite_score_std": 0.03660604588610388,
    "constrained_fee_score_mean": -1.0,
    "constrained_fee_score_std": 0.0,
    "risk_adjusted_fee_score_mean": 0.5090966302779903,
    "risk_adjusted_fee_score_std": 0.07803235915470598
  },
  "heuristic": {
    "block_fee_mean": 1528.1416043338227,
    "block_fee_std": 171.81058991124337,
    "fairness_mean": 0.8265190785223442,
    "fairness_std": 0.023526697000962146,
    "risk_exposure_mean": 0.08650582370133701,
    "risk_exposure_std": 0.13321866309727437,
    "edge_risk_ratio_mean": 0.055564440848109575,
    "edge_risk_ratio_std": 0.09180784708045095,
    "gas_util_mean": 0.9996642136666667,
    "gas_util_std": 0.00020116270259529773,
    "risky_rank_mean": 0.3766479827373927,
    "risky_rank_std": 0.08235765613020958,
    "packing_ratio_mean": 0.6221333333333334,
    "packing_ratio_std": 0.04320216043980517,
    "top10_risk_mean": 0.0,
    "top10_risk_std": 0.0,
    "late_promo_mean": 0.1899676832024627,
    "late_promo_std": 0.047309255246039524,
    "oldest_coverage_mean": 0.9297333333333333,
    "oldest_coverage_std": 0.03768046944741768,
    "starvation_gap_mean": 0.07026666666666669,
    "starvation_gap_std": 0.03768046944741768,
    "tail_wait_reduction_mean": 0.9674333333333334,
    "tail_wait_reduction_std": 0.034358744641405814,
    "selected_wait_std_mean": 83.8053768149174,
    "selected_wait_std_std": 8.692766372569281,
    "wait_p95_mean": 296.08487307083686,
    "wait_p95_std": 26.45306537394655,
    "wait_p99_mean": 303.65711446182235,
    "wait_p99_std": 27.087413763718594,
    "wait_gini_mean": 0.2603793357797276,
    "wait_gini_std": 0.02288880145801043,
    "block_fee_norm_mean": 0.633340928694852,
    "block_fee_norm_std": 0.05931594784687431,
    "composite_score_mean": 0.5821249763682594,
    "composite_score_std": 0.023841944681540574,
    "constrained_fee_score_mean": -1.0,
    "constrained_fee_score_std": 0.0,
    "risk_adjusted_fee_score_mean": 0.5987385992143172,
    "risk_adjusted_fee_score_std": 0.04939572302023387
  },
  "fee_risk_linear": {
    "block_fee_mean": 1570.777944333614,
    "block_fee_std": 155.33819652873063,
    "fairness_mean": 0.8267139594400104,
    "fairness_std": 0.022996672941942988,
    "risk_exposure_mean": 0.09229279087207687,
    "risk_exposure_std": 0.09496163311675528,
    "edge_risk_ratio_mean": 0.06692250290605806,
    "edge_risk_ratio_std": 0.07179682269462793,
    "gas_util_mean": 0.9996502706666668,
    "gas_util_std": 0.00020406439713319414,
    "risky_rank_mean": 0.6660429812751787,
    "risky_rank_std": 0.0655488083251465,
    "packing_ratio_mean": 0.61988,
    "packing_ratio_std": 0.0453049793682279,
    "top10_risk_mean": 0.08239173539570464,
    "top10_risk_std": 0.06766952557211614,
    "late_promo_mean": 0.15885058021189155,
    "late_promo_std": 0.04117211046627424,