{
  "variant": "reward_Ours-Age+Risk",
  "seed": 42,
  "shared_pool_path": "results_dryrun_gpu_20260324_defaultgpu/ablation/shared_pools/seed_42.json",
  "metrics": {
    "block_fee_mean": 1813.1513405690546,
    "block_fee_std": 132.06567143748222,
    "fairness_mean": 0.8553353613304977,
    "fairness_std": 0.023540637655618053,
    "risk_exposure_mean": 0.1949004872210306,
    "risk_exposure_std": 0.05655088121346006,
    "gas_util_mean": 0.9993876322916667,
    "gas_util_std": 0.0004763356722654004,
    "risky_rank_mean": 0.5238644466503564,
    "risky_rank_std": 0.05700594557910064,
    "packing_ratio_mean": 0.7092708333333333,
    "packing_ratio_std": 0.03857473243768372,
    "top10_risk_mean": 0.11453554113379628,
    "top10_risk_std": 0.0765406156575393,
    "late_promo_mean": 0.08018798128297472,
    "late_promo_std": 0.031950790035637236,
    "oldest_coverage_mean": 1.0,
    "oldest_coverage_std": 0.0,
    "starvation_gap_mean": 0.0,
    "starvation_gap_std": 0.0,
    "tail_wait_reduction_mean": 1.0,
    "tail_wait_reduction_std": 0.0,
    "selected_wait_std_mean": 76.50103308217714,
    "selected_wait_std_std": 6.979357247951443,
    "block_fee_norm_mean": 0.7443708450185171,
    "block_fee_norm_std": 0.044275797591762915,
    "composite_score_mean": 0.6226020808958252,
    "composite_score_std": 0.019659916738666364,
    "constrained_fee_score_mean": 0.7443708450185171,
    "constrained_fee_score_std": 0.044275797591762915,
    "risk_adjusted_fee_score_mean": 0.6664106501301048,
    "risk_adjusted_fee_score_std": 0.04880142903351841
  }
}