{
  "variant": "reward_Ours-FullBalanced",
  "seed": 42,
  "shared_pool_path": "results_dryrun_gpu_20260324_defaultgpu/ablation/shared_pools/seed_42.json",
  "metrics": {
    "block_fee_mean": 1604.5665648624404,
    "block_fee_std": 132.69490793097106,
    "fairness_mean": 0.9238858037512175,
    "fairness_std": 0.0235876015900572,
    "risk_exposure_mean": 0.234891825283512,
    "risk_exposure_std": 0.06956147918013009,
    "gas_util_mean": 0.9997484291666667,
    "gas_util_std": 0.0001936453110984601,
    "risky_rank_mean": 0.47598305888370696,
    "risky_rank_std": 0.059655394880951645,
    "packing_ratio_mean": 0.62125,
    "packing_ratio_std": 0.042145169091816176,
    "top10_risk_mean": 0.20571722658361588,
    "top10_risk_std": 0.0924316380768256,
    "late_promo_mean": 0.004475598744338024,
    "late_promo_std": 0.007546258664413972,
    "oldest_coverage_mean": 1.0,
    "oldest_coverage_std": 0.0,
    "starvation_gap_mean": 0.0,
    "starvation_gap_std": 0.0,
    "tail_wait_reduction_mean": 1.0,
    "tail_wait_reduction_std": 0.0,
    "selected_wait_std_mean": 58.599764144294966,
    "selected_wait_std_std": 8.176629065906416,
    "block_fee_norm_mean": 0.6588887957542774,
    "block_fee_norm_std": 0.04928037829453062,
    "composite_score_mean": 0.5975486041828129,
    "composite_score_std": 0.019376385741467935,
    "constrained_fee_score_mean": 0.6588887957542774,
    "constrained_fee_score_std": 0.04928037829453062,
    "risk_adjusted_fee_score_mean": 0.5649320656408725,
    "risk_adjusted_fee_score_std": 0.05227285771551936
  }
}