{
  "No-SeqSummary": {
    "block_fee_mean": 1667.8621532636857,
    "block_fee_std": 0.0,
    "fairness_mean": 0.9134892256611404,
    "fairness_std": 0.0,
    "risk_exposure_mean": 0.21041413001391934,
    "risk_exposure_std": 0.0,
    "gas_util_mean": 0.9996276260416667,
    "gas_util_std": 0.0
  },
  "No-ActionMask": {
    "block_fee_mean": 130.440789497146,
    "block_fee_std": 0.0,
    "fairness_mean": 0.9986229966350417,
    "fairness_std": 0.0,
    "risk_exposure_mean": 0.2638392857142857,
    "risk_exposure_std": 0.0,
    "gas_util_mean": 0.07894009791666667,
    "gas_util_std": 0.0
  },
  "No-STOP": {
    "block_fee_mean": 1682.675587542793,
    "block_fee_std": 0.0,
    "fairness_mean": 0.8315281417213619,
    "fairness_std": 0.0,
    "risk_exposure_mean": 0.08612833280399784,
    "risk_exposure_std": 0.0,
    "gas_util_mean": 0.9992667333333334,
    "gas_util_std": 0.0
  },
  "Ours-Full": {
    "block_fee_mean": 1682.9412025958964,
    "block_fee_std": 0.0,
    "fairness_mean": 0.9084511465142805,
    "fairness_std": 0.0,
    "risk_exposure_mean": 0.20710763437200116,
    "risk_exposure_std": 0.0,
    "gas_util_mean": 0.9996679833333333,
    "gas_util_std": 0.0
  }
}