{
  "settings": {
    "oldest_ratio": 0.2,
    "tail_quantile": 0.9
  },
  "metrics": [
    "fairness",
    "oldest_coverage",
    "starvation_gap",
    "tail_wait_reduction",
    "selected_wait_std",
    "wait_p95",
    "wait_p99",
    "wait_gini",
    "composite_score"
  ],
  "methods": {
    "ours": {
      "fairness_mean": 0.9084511465142805,
      "fairness_std": 0.029558682282116985,
      "oldest_coverage_mean": 1.0,
      "oldest_coverage_std": 0.0,
      "starvation_gap_mean": 0.0,
      "starvation_gap_std": 0.0,
      "tail_wait_reduction_mean": 1.0,
      "tail_wait_reduction_std": 0.0,
      "selected_wait_std_mean": 62.98343734832969,
      "selected_wait_std_std": 8.907813167397292,
      "wait_p95_mean": 295.167436016686,
      "wait_p95_std": 19.205561514003577,
      "wait_p99_mean": 303.15283522487255,
      "wait_p99_std": 19.727520059601982,
      "wait_gini_mean": 0.18049248845377533,
      "wait_gini_std": 0.031301568915273796,
      "composite_score_mean": 0.6121540792025304,
      "composite_score_std": 0.01679596068526201
    },
    "fifo": {
      "fairness_mean": 0.9267826364441214,
      "fairness_std": 0.019861398667653223,
      "oldest_coverage_mean": 1.0,
      "oldest_coverage_std": 0.0,
      "starvation_gap_mean": 0.0,
      "starvation_gap_std": 0.0,
      "tail_wait_reduction_mean": 1.0,
      "tail_wait_reduction_std": 0.0,
      "selected_wait_std_mean": 57.52196426302896,
      "selected_wait_std_std": 7.611556113975403,
      "wait_p95_mean": 295.48674163866525,
      "wait_p95_std": 19.213111581152717,
      "wait_p99_mean": 303.22261548961177,
      "wait_p99_std": 19.739759259796035,
      "wait_gini_mean": 0.16055167200295195,
      "wait_gini_std": 0.02342642294563166,
      "composite_score_mean": 0.5960538265044515,
      "composite_score_std": 0.02783782800411378
    },
    "gas": {
      "fairness_mean": 0.8231674814420475,
      "fairness_std": 0.02362953278958467,
      "oldest_coverage_mean": 0.9281250000000001,
      "oldest_coverage_std": 0.0443779341752933,
      "starvation_gap_mean": 0.07187500000000001,
      "starvation_gap_std": 0.0443779341752933,
      "tail_wait_reduction_mean": 0.9750000000000001,
      "tail_wait_reduction_std": 0.031180478223116172,
      "selected_wait_std_mean": 84.12076744293836,
      "selected_wait_std_std": 7.481452145044316,
      "wait_p95_mean": 295.544898140766,
      "wait_p95_std": 19.28771907726767,
      "wait_p99_mean": 303.2380074278608,
      "wait_p99_std": 19.78170270198183,
      "wait_gini_mean": 0.2639340487056506,
      "wait_gini_std": 0.022450157608148655,
      "composite_score_mean": 0.5391291932278854,
      "composite_score_std": 0.037646738091216
    },
    "heuristic": {
      "fairness_mean": 0.8216363349005634,
      "fairness_std": 0.024653993875745024,
      "oldest_coverage_mean": 0.9302083333333333,
      "oldest_coverage_std": 0.04457311019861388,
      "starvation_gap_mean": 0.0697916666666667,
      "starvation_gap_std": 0.04457311019861388,
      "tail_wait_reduction_mean": 0.9760416666666667,
      "tail_wait_reduction_std": 0.02532342871071503,
      "selected_wait_std_mean": 84.32749213435008,
      "selected_wait_std_std": 7.7190098153648,
      "wait_p95_mean": 295.5140844516212,
      "wait_p95_std": 19.303279719476777,
      "wait_p99_mean": 303.21387745802275,
      "wait_p99_std": 19.767570274791154,
      "wait_gini_mean": 0.26535252367041756,
      "wait_gini_std": 0.023113124219747972,
      "composite_score_mean": 0.5774824851039903,
      "composite_score_std": 0.021892406105243248
    },
    "fee_risk_linear": {
      "fairness_mean": 0.8221099894528788,
      "fairness_std": 0.02234557867425231,
      "oldest_coverage_mean": 0.9276041666666667,
      "oldest_coverage_std": 0.04009740202688393,
      "starvation_gap_mean": 0.07239583333333334,
      "starvation_gap_std": 0.04009740202688393,
      "tail_wait_reduction_mean": 0.9697916666666667,
      "tail_wait_reduction_std": 0.03370560351534048,
      "selected_wait_std_mean": 84.47787743689551,
      "selected_wait_std_std": 7.651368675089951,
      "wait_p95_mean": 295.48735521511907,
      "wait_p95_std": 19.3503487328818,
      "wait_p99_mean": 303.233978244397,
      "wait_p99_std": 19.76416644143488,
      "wait_gini_mean": 0.2646558751401543,
      "wait_gini_std": 0.02128896477358976,
      "composite_score_mean": 0.5901104582617737,
      "composite_score_std": 0.028617723531511742
    },
    "fair_fee": {
      "fairness_mean": 0.8482687134941269,
      "fairness_std": 0.03525628531364316,
      "oldest_coverage_mean": 0.9057291666666667,
      "oldest_coverage_std": 0.04095419506900361,
      "starvation_gap_mean": 0.09427083333333333,
      "starvation_gap_std": 0.04095419506900361,
      "tail_wait_reduction_mean": 0.9541666666666666,
      "tail_wait_reduction_std": 0.044682522061515025,
      "selected_wait_std_mean": 77.66942605708992,
      "selected_wait_std_std": 9.861088030822588,
      "wait_p95_mean": 295.35265031577023,
      "wait_p95_std": 19.384172683718567,
      "wait_p99_mean": 303.22264298048395,
      "wait_p99_std": 19.753194574639213,
      "wait_gini_mean": 0.24148798634632745,
      "wait_gini_std": 0.033885046719340325,
      "composite_score_mean": 0.4953148263313643,
      "composite_score_std": 0.031473037248493936
    }
  }
}