{
  "timestamp": "2026-03-24T18:49:03.816039",
  "seed_timings": {
    "42": {
      "train": 299.37996204401134,
      "eval": 13.171202525962144,
      "robustness": 145.84592142899055,
      "robustness_risk": 60.65233032597462,
      "robustness_pool": 39.84688758099219,
      "robustness_fee": 45.346703522023745,
      "total": 458.950977866014
    }
  },
  "stage_totals_seconds": {
    "train": 299.37996204401134,
    "eval": 13.171202525962144,
    "robustness": 145.84592142899055,
    "ablation_reward": 1316.2070539420238,
    "ablation_struct": 1000.8879841169692,
    "ablation_protocol": 0.0
  },
  "total_runtime_seconds": 2778.5142639789847
}