{
  "variant": "reward_Ours-FullBalanced",
  "seed": 123,
  "shared_pool_path": "results_formal_full_20260324_r1/ablation/shared_pools/seed_123.json",
  "metrics": {
    "block_fee_mean": 1756.5723370995015,
    "block_fee_std": 169.05830151527303,
    "fairness_mean": 0.8872504621470259,
    "fairness_std": 0.03508708146454872,
    "risk_exposure_mean": 0.19030700211247628,
    "risk_exposure_std": 0.08869441870622946,
    "edge_risk_ratio_mean": 0.1029272773380207,
    "edge_risk_ratio_std": 0.0510488601835302,
    "gas_util_mean": 0.9996633295000001,
    "gas_util_std": 0.000277221210391377,
    "risky_rank_mean": 0.5517298039136829,
    "risky_rank_std": 0.061962387517007,
    "packing_ratio_mean": 0.6822666666666667,
    "packing_ratio_std": 0.05213844817193717,
    "top10_risk_mean": 0.08766495868682402,
    "top10_risk_std": 0.06968380850302426,
    "late_promo_mean": 0.03294455221333187,
    "late_promo_std": 0.02458142978540825,
    "oldest_coverage_mean": 0.998,
    "oldest_coverage_std": 0.007738791177495943,
    "starvation_gap_mean": 0.0020000000000000035,
    "starvation_gap_std": 0.007738791177495943,
    "tail_wait_reduction_mean": 0.9993333333333334,
    "tail_wait_reduction_std": 0.0057348835113617495,
    "selected_wait_std_mean": 68.40353761200228,
    "selected_wait_std_std": 9.392637946959512,
    "wait_p95_mean": 294.7520398964643,
    "wait_p95_std": 25.733168858810394,
    "wait_p99_mean": 303.02365275728306,
    "wait_p99_std": 26.513532731765057,
    "wait_gini_mean": 0.20205835654458457,
    "wait_gini_std": 0.03583727658137757,
    "block_fee_norm_mean": 0.7294417229976008,
    "block_fee_norm_std": 0.053597488298411766,
    "composite_score_mean": 0.6252279043133016,
    "composite_score_std": 0.024818693103855247,
    "constrained_fee_score_mean": -0.41334609150048623,
    "constrained_fee_score_std": 0.8088248547507794,
    "risk_adjusted_fee_score_mean": 0.6533189221526103,
    "risk_adjusted_fee_score_std": 0.06589635706578059
  }
}