{
  "variant": "reward_Ours-AgeOnly",
  "seed": 42,
  "shared_pool_path": "results_formal_full_20260324_r1/ablation/shared_pools/seed_42.json",
  "metrics": {
    "block_fee_mean": 1910.5253184326534,
    "block_fee_std": 155.48368783073835,
    "fairness_mean": 0.8436528237118347,
    "fairness_std": 0.02392359481494384,
    "risk_exposure_mean": 0.24763678871351455,
    "risk_exposure_std": 0.07392731015823602,
    "edge_risk_ratio_mean": 0.18506358576269905,
    "edge_risk_ratio_std": 0.06598555290391105,
    "gas_util_mean": 0.9990127031666666,
    "gas_util_std": 0.0008876387130634067,
    "risky_rank_mean": 0.45894547653357237,
    "risky_rank_std": 0.057257154098597565,
    "packing_ratio_mean": 0.7377666666666667,
    "packing_ratio_std": 0.04172943272506296,
    "top10_risk_mean": 0.23654791211839268,
    "top10_risk_std": 0.10374741811648847,
    "late_promo_mean": 0.19319091512768768,
    "late_promo_std": 0.049901141843256724,
    "oldest_coverage_mean": 1.0,
    "oldest_coverage_std": 0.0,
    "starvation_gap_mean": 0.0,
    "starvation_gap_std": 0.0,
    "tail_wait_reduction_mean": 1.0,
    "tail_wait_reduction_std": 0.0,
    "selected_wait_std_mean": 78.4360830392467,
    "selected_wait_std_std": 8.113867427025385,
    "wait_p95_mean": 292.9102925823574,
    "wait_p95_std": 26.390453556494037,
    "wait_p99_mean": 301.7136309083066,
    "wait_p99_std": 26.66124924772524,
    "wait_gini_mean": 0.24431916186925393,
    "wait_gini_std": 0.024104965049789966,
    "block_fee_norm_mean": 0.7913022169620137,
    "block_fee_norm_std": 0.04190114916021601,
    "composite_score_mean": 0.6279067349700612,
    "composite_score_std": 0.021736008783966008,
    "constrained_fee_score_mean": -1.0,
    "constrained_fee_score_std": 0.0,
    "risk_adjusted_fee_score_mean": 0.6922475014766079,
    "risk_adjusted_fee_score_std": 0.051611720958702804
  }
}