{
  "variant": "struct_No-ActionMask",
  "seed": 123,
  "shared_pool_path": "results_formal_full_20260324_r1/ablation/shared_pools/seed_123.json",
  "metrics": {
    "block_fee_mean": 339.7327428469574,
    "block_fee_std": 240.51937986356646,
    "fairness_mean": 0.9963455863320676,
    "fairness_std": 0.004273877440413744,
    "risk_exposure_mean": 0.26458111333111334,
    "risk_exposure_std": 0.2822222777266516,
    "edge_risk_ratio_mean": 0.20515575396825397,
    "edge_risk_ratio_std": 0.223879080993623,
    "gas_util_mean": 0.22487393416666668,
    "gas_util_std": 0.16670148114582173,
    "risky_rank_mean": 0.46329243769346745,
    "risky_rank_std": 0.17746806709700366,
    "packing_ratio_mean": 0.13795,
    "packing_ratio_std": 0.10248559654897853,
    "top10_risk_mean": 0.26176388888888885,
    "top10_risk_std": 0.33553744051633444,
    "late_promo_mean": 0.0,
    "late_promo_std": 0.0,
    "oldest_coverage_mean": 0.5779166666666666,
    "oldest_coverage_std": 0.364599999619065,
    "starvation_gap_mean": 0.4220833333333333,
    "starvation_gap_std": 0.364599999619065,
    "tail_wait_reduction_mean": 0.7390000000000001,
    "tail_wait_reduction_std": 0.346443999001923,
    "selected_wait_std_mean": 13.341286697087442,
    "selected_wait_std_std": 9.546019624188773,
    "wait_p95_mean": 294.0932803608809,
    "wait_p95_std": 57.87815630099394,
    "wait_p99_mean": 295.6711682913232,
    "wait_p99_std": 58.139538303762016,
    "wait_gini_mean": 0.027694535130503448,
    "wait_gini_std": 0.020890905105740726,
    "block_fee_norm_mean": 0.14202714061621305,
    "block_fee_norm_std": 0.1006309317359347,
    "composite_score_mean": 0.33966853016327947,
    "composite_score_std": 0.11492324556238631,
    "constrained_fee_score_mean": -0.7087903841738173,
    "constrained_fee_score_std": 0.5332885871808613,
    "risk_adjusted_fee_score_mean": 0.036194695283767724,
    "risk_adjusted_fee_score_std": 0.15929609083010907
  }
}