{
  "variant": "struct_No-STOP",
  "seed": 42,
  "shared_pool_path": "results_dryrun_full_rerun_20260323_gpu/ablation/shared_pools/seed_42.json",
  "metrics": {
    "block_fee_mean": 1685.4773872796623,
    "block_fee_std": 137.119889318569,
    "fairness_mean": 0.9111252004307919,
    "fairness_std": 0.030484383000311376,
    "risk_exposure_mean": 0.24182071809127043,
    "risk_exposure_std": 0.0804898783486327,
    "gas_util_mean": 0.999646071875,
    "gas_util_std": 0.00034679830094071755,
    "risky_rank_mean": 0.4653279751233328,
    "risky_rank_std": 0.06385727548259444,
    "packing_ratio_mean": 0.6526041666666667,
    "packing_ratio_std": 0.04557300595229349,
    "top10_risk_mean": 0.2275539103634658,
    "top10_risk_std": 0.1025018315676442,
    "late_promo_mean": 0.00449081790018218,
    "late_promo_std": 0.006868990362106707,
    "oldest_coverage_mean": 1.0,
    "oldest_coverage_std": 0.0,
    "starvation_gap_mean": 0.0,
    "starvation_gap_std": 0.0,
    "tail_wait_reduction_mean": 1.0,
    "tail_wait_reduction_std": 0.0,
    "selected_wait_std_mean": 61.98341047928544,
    "selected_wait_std_std": 8.936254571391993,
    "block_fee_norm_mean": 0.6920969887593793,
    "block_fee_norm_std": 0.05050849365115527,
    "composite_score_mean": 0.6062559519931957,
    "composite_score_std": 0.023881621735676196
  }
}