{
  "variant": "reward_Ours-FullBalanced",
  "seed": 42,
  "shared_pool_path": "results_formal_full_20260324_r1/ablation/shared_pools/seed_42.json",
  "metrics": {
    "block_fee_mean": 1776.6237734904457,
    "block_fee_std": 160.1390458736593,
    "fairness_mean": 0.8807681764211052,
    "fairness_std": 0.036612988685832584,
    "risk_exposure_mean": 0.1999653317396676,
    "risk_exposure_std": 0.09448873045338575,
    "edge_risk_ratio_mean": 0.10824180445980486,
    "edge_risk_ratio_std": 0.05904751362201834,
    "gas_util_mean": 0.9996605226666668,
    "gas_util_std": 0.0002446357695468474,
    "risky_rank_mean": 0.5528060741485068,
    "risky_rank_std": 0.06479501670300476,
    "packing_ratio_mean": 0.6925833333333334,
    "packing_ratio_std": 0.054575571967278136,
    "top10_risk_mean": 0.10256456117916274,
    "top10_risk_std": 0.07893550738392656,
    "late_promo_mean": 0.04343279568714555,
    "late_promo_std": 0.02996450398169794,
    "oldest_coverage_mean": 0.9985,
    "oldest_coverage_std": 0.005575242894559251,
    "starvation_gap_mean": 0.001500000000000003,
    "starvation_gap_std": 0.005575242894559252,
    "tail_wait_reduction_mean": 1.0,
    "tail_wait_reduction_std": 0.0,
    "selected_wait_std_mean": 69.65848475132056,
    "selected_wait_std_std": 9.779285414478577,
    "wait_p95_mean": 293.56783416968347,
    "wait_p95_std": 26.440550473635945,
    "wait_p99_mean": 301.83487811200575,
    "wait_p99_std": 26.660313540922786,
    "wait_gini_mean": 0.20837588205866736,
    "wait_gini_std": 0.03740082065153706,
    "block_fee_norm_mean": 0.7360049349352817,
    "block_fee_norm_std": 0.05090148974006983,
    "composite_score_mean": 0.6243759517314554,
    "composite_score_std": 0.024799783281841715,
    "constrained_fee_score_mean": -0.5075840818973174,
    "constrained_fee_score_std": 0.7708642509269696,
    "risk_adjusted_fee_score_mean": 0.6560188022394147,
    "risk_adjusted_fee_score_std": 0.06653231169706447
  }
}