{
  "fifo": {
    "block_fee_mean": 1543.2682143147317,
    "block_fee_std": 0.0,
    "fairness_mean": 0.9267826364441214,
    "fairness_std": 0.0,
    "risk_exposure_mean": 0.19493877571404777,
    "risk_exposure_std": 0.0,
    "gas_util_mean": 0.9996787739583333,
    "gas_util_std": 0.0,
    "risky_rank_mean": 0.49593776545713364,
    "risky_rank_std": 0.0,
    "packing_ratio_mean": 0.6278125,
    "packing_ratio_std": 0.0,
    "top10_risk_mean": 0.1374823394269989,
    "top10_risk_std": 0.0,
    "late_promo_mean": 0.0,
    "late_promo_std": 0.0,
    "oldest_coverage_mean": 1.0,
    "oldest_coverage_std": 0.0,
    "starvation_gap_mean": 0.0,
    "starvation_gap_std": 0.0,
    "tail_wait_reduction_mean": 1.0,
    "tail_wait_reduction_std": 0.0,
    "selected_wait_std_mean": 57.52196426302896,
    "selected_wait_std_std": 0.0,
    "composite_score_mean": 0.5960538265044515,
    "composite_score_std": 0.0,
    "constrained_fee_score_mean": 0.633364806340577,
    "constrained_fee_score_std": 0.0,
    "risk_adjusted_fee_score_mean": 0.5553892960549579,
    "risk_adjusted_fee_score_std": 0.0
  },
  "gas": {
    "block_fee_mean": 1598.6113743430087,
    "block_fee_std": 0.0,
    "fairness_mean": 0.8231674814420475,
    "fairness_std": 0.0,
    "risk_exposure_mean": 0.34170551134010335,
    "risk_exposure_std": 0.0,
    "gas_util_mean": 0.9997024822916667,
    "gas_util_std": 0.0,
    "risky_rank_mean": 0.4745865499553664,
    "risky_rank_std": 0.0,
    "packing_ratio_mean": 0.6183333333333333,
    "packing_ratio_std": 0.0,
    "top10_risk_mean": 0.3133395682834537,
    "top10_risk_std": 0.0,
    "late_promo_mean": 0.17896542459454334,
    "late_promo_std": 0.0,
    "oldest_coverage_mean": 0.9281250000000001,
    "oldest_coverage_std": 0.0,
    "starvation_gap_mean": 0.07187500000000001,
    "starvation_gap_std": 0.0,
    "tail_wait_reduction_mean": 0.9750000000000001,
    "tail_wait_reduction_std": 0.0,
    "selected_wait_std_mean": 84.12076744293836,
    "selected_wait_std_std": 0.0,
    "composite_score_mean": 0.5391291932278854,
    "composite_score_std": 0.0,
    "constrained_fee_score_mean": 0.6561491878384854,
    "constrained_fee_score_std": 0.0,
    "risk_adjusted_fee_score_mean": 0.5194669833024441,
    "risk_adjusted_fee_score_std": 0.0
  },
  "heuristic": {
    "block_fee_mean": 1542.9167305971,
    "block_fee_std": 0.0,
    "fairness_mean": 0.8216363349005634,
    "fairness_std": 0.0,
    "risk_exposure_mean": 0.10467317079742344,
    "risk_exposure_std": 0.0,
    "gas_util_mean": 0.9996732625,
    "gas_util_std": 0.0,
    "risky_rank_mean": 0.38408296619869453,
    "risky_rank_std": 0.0,
    "packing_ratio_mean": 0.62375,
    "packing_ratio_std": 0.0,
    "top10_risk_mean": 0.0,
    "top10_risk_std": 0.0,
    "late_promo_mean": 0.18293840134803122,
    "late_promo_std": 0.0,
    "oldest_coverage_mean": 0.9302083333333333,
    "oldest_coverage_std": 0.0,
    "starvation_gap_mean": 0.0697916666666667,
    "starvation_gap_std": 0.0,
    "tail_wait_reduction_mean": 0.9760416666666667,
    "tail_wait_reduction_std": 0.0,
    "selected_wait_std_mean": 84.32749213435008,
    "selected_wait_std_std": 0.0,
    "composite_score_mean": 0.5774824851039903,
    "composite_score_std": 0.0,
    "constrained_fee_score_mean": 0.6336919638458354,
    "constrained_fee_score_std": 0.0,
    "risk_adjusted_fee_score_mean": 0.591822695526866,
    "risk_adjusted_fee_score_std": 0.0
  },
  "fee_risk_linear": {
    "block_fee_mean": 1589.087771870135,
    "block_fee_std": 0.0,
    "fairness_mean": 0.8221099894528788,
    "fairness_std": 0.0,
    "risk_exposure_mean": 0.07736994634296182,
    "risk_exposure_std": 0.0,
    "gas_util_mean": 0.9996629729166666,
    "gas_util_std": 0.0,
    "risky_rank_mean": 0.6731329400988214,
    "risky_rank_std": 0.0,
    "packing_ratio_mean": 0.6172916666666667,
    "packing_ratio_std": 0.0,
    "top10_risk_mean": 0.07275985229618162,
    "top10_risk_std": 0.0,
    "late_promo_mean": 0.16389129187385282,
    "late_promo_std": 0.0,
    "oldest_coverage_mean": 0.9276041666666667,
    "oldest_coverage_std": 0.0,
    "starvation_gap_mean": 0.07239583333333334,
    "starvation_gap_std": 0.0,
    "tail_wait_reduction_mean": 0.9697916666666667,
    "tail_wait_reduction_std": 0.0,
    "selected_wait_std_mean": 84.47787743689551,
    "selected_wait_std_std": 0.0,
    "composite_score_mean": 0.5901104582617737,
    "composite_score_std": 0.0,
    "constrained_fee_score_mean": 0.6522908129178658,
    "constrained_fee_score_std": 0.0,
    "risk_adjusted_fee_score_mean": 0.621342834380681,
    "risk_adjusted_fee_score_std": 0.0
  },
  "fair_fee": {
    "block_fee_mean": 1313.6320372700457,
    "block_fee_std": 0.0,
    "fairness_mean": 0.8482687134941269,
    "fairness_std": 0.0,
    "risk_exposure_mean": 0.3431540103440597,
    "risk_exposure_std": 0.0,
    "gas_util_mean": 0.9995629416666667,
    "gas_util_std": 0.0,
    "risky_rank_mean": 0.39641131865865675,
    "risky_rank_std": 0.0,
    "packing_ratio_mean": 0.6214583333333333,
    "packing_ratio_std": 0.0,
    "top10_risk_mean": 0.28726618937048504,
    "top10_risk_std": 0.0,
    "late_promo_mean": 0.038958034260634,
    "late_promo_std": 0.0,
    "oldest_coverage_mean": 0.9057291666666667,
    "oldest_coverage_std": 0.0,
    "starvation_gap_mean": 0.09427083333333333,
    "starvation_gap_std": 0.0,
    "tail_wait_reduction_mean": 0.9541666666666666,
    "tail_wait_reduction_std": 0.0,
    "selected_wait_std_mean": 77.66942605708992,
    "selected_wait_std_std": 0.0,
    "composite_score_mean": 0.4953148263313643,
    "composite_score_std": 0.0,
    "constrained_fee_score_mean": 0.5400476875666114,
    "constrained_fee_score_std": 0.0,
    "risk_adjusted_fee_score_mean": 0.4027860834289876,
    "risk_adjusted_fee_score_std": 0.0
  },
  "ours": {
    "block_fee_mean": 1695.2080346704352,
    "block_fee_std": 0.0,
    "fairness_mean": 0.9070369335553123,
    "fairness_std": 0.0,
    "risk_exposure_mean": 0.22931833304514337,
    "risk_exposure_std": 0.0,
    "gas_util_mean": 0.9997186958333334,
    "gas_util_std": 0.0,
    "risky_rank_mean": 0.480746571917774,
    "risky_rank_std": 0.0,
    "packing_ratio_mean": 0.6559375,
    "packing_ratio_std": 0.0,
    "top10_risk_mean": 0.19599110577245252,
    "top10_risk_std": 0.0,
    "late_promo_mean": 0.00618885167854901,
    "late_promo_std": 0.0,
    "oldest_coverage_mean": 1.0,
    "oldest_coverage_std": 0.0,
    "starvation_gap_mean": 0.0,
    "starvation_gap_std": 0.0,
    "tail_wait_reduction_mean": 1.0,
    "tail_wait_reduction_std": 0.0,
    "selected_wait_std_mean": 63.32579306813956,
    "selected_wait_std_std": 0.0,
    "composite_score_mean": 0.609393555027351,
    "composite_score_std": 0.0,
    "constrained_fee_score_mean": 0.6962449706188794,
    "constrained_fee_score_std": 0.0,
    "risk_adjusted_fee_score_mean": 0.6045176374008219,
    "risk_adjusted_fee_score_std": 0.0
  }
}