{
  "timestamp": "2026-03-24T13:21:55.185884",
  "seed_timings": {
    "42": {
      "train": 294.59179712296464,
      "eval": 11.93234623101307,
      "robustness": 131.7874791540671,
      "robustness_risk": 52.60033749003196,
      "robustness_pool": 35.9825796050136,
      "robustness_fee": 43.204562059021555,
      "total": 438.7631054610247
    }
  },
  "stage_totals_seconds": {
    "train": 294.59179712296464,
    "eval": 11.93234623101307,
    "robustness": 131.7874791540671,
    "ablation_reward": 1258.1444033150328,
    "ablation_struct": 998.968012976984,
    "ablation_protocol": 0.0
  },
  "total_runtime_seconds": 2697.688879361027
}