{
  "Ours-AgeOnly": {
    "block_fee_mean": 1690.0752001131068,
    "block_fee_std": 0.0,
    "fairness_mean": 0.9117835200201996,
    "fairness_std": 0.0,
    "risk_exposure_mean": 0.2712656988075372,
    "risk_exposure_std": 0.0,
    "gas_util_mean": 0.9997158302083333,
    "gas_util_std": 0.0
  },
  "Ours-Age+Risk": {
    "block_fee_mean": 1715.699557452159,
    "block_fee_std": 0.0,
    "fairness_mean": 0.9094754241087174,
    "fairness_std": 0.0,
    "risk_exposure_mean": 0.24243372421941212,
    "risk_exposure_std": 0.0,
    "gas_util_mean": 0.9996836135416667,
    "gas_util_std": 0.0
  },
  "Ours-Age+TerminalFair": {
    "block_fee_mean": 1673.7546380102935,
    "block_fee_std": 0.0,
    "fairness_mean": 0.9155606531594171,
    "fairness_std": 0.0,
    "risk_exposure_mean": 0.2873700307992451,
    "risk_exposure_std": 0.0,
    "gas_util_mean": 0.9996310697916666,
    "gas_util_std": 0.0
  },
  "Ours-FullBalanced": {
    "block_fee_mean": 1572.1133404398133,
    "block_fee_std": 0.0,
    "fairness_mean": 0.9303831822344882,
    "fairness_std": 0.0,
    "risk_exposure_mean": 0.26583491144146554,
    "risk_exposure_std": 0.0,
    "gas_util_mean": 0.999639753125,
    "gas_util_std": 0.0
  }
}