{
  "No-SeqSummary": {
    "block_fee_mean": 1649.1133164654952,
    "block_fee_std": 0.0,
    "fairness_mean": 0.9114179339919264,
    "fairness_std": 0.0,
    "risk_exposure_mean": 0.21720366975616806,
    "risk_exposure_std": 0.0,
    "gas_util_mean": 0.99961196875,
    "gas_util_std": 0.0
  },
  "No-ActionMask": {
    "block_fee_mean": 112.62767595976545,
    "block_fee_std": 0.0,
    "fairness_mean": 0.9990421129655713,
    "fairness_std": 0.0,
    "risk_exposure_mean": 0.22499999999999998,
    "risk_exposure_std": 0.0,
    "gas_util_mean": 0.1062324,
    "gas_util_std": 0.0
  },
  "No-STOP": {
    "block_fee_mean": 1685.4773872796623,
    "block_fee_std": 0.0,
    "fairness_mean": 0.9111252004307919,
    "fairness_std": 0.0,
    "risk_exposure_mean": 0.24182071809127043,
    "risk_exposure_std": 0.0,
    "gas_util_mean": 0.999646071875,
    "gas_util_std": 0.0
  },
  "Ours-Full": {
    "block_fee_mean": 1552.8944600282382,
    "block_fee_std": 0.0,
    "fairness_mean": 0.9317228390610984,
    "fairness_std": 0.0,
    "risk_exposure_mean": 0.26589140019657426,
    "risk_exposure_std": 0.0,
    "gas_util_mean": 0.9996815833333333,
    "gas_util_std": 0.0
  }
}