{
  "timestamp": "2026-03-23T16:41:00.107650",
  "seed_timings": {
    "42": {
      "train": 286.51051377499243,
      "eval": 11.963764444983099,
      "robustness": 118.82110823900439,
      "robustness_risk": 47.994567526038736,
      "robustness_pool": 33.52351336198626,
      "robustness_fee": 37.30302735097939,
      "total": 417.7786771559622
    }
  },
  "stage_totals_seconds": {
    "train": 286.51051377499243,
    "eval": 11.963764444983099,
    "robustness": 118.82110823900439,
    "ablation_reward": 1105.1565587749938,
    "ablation_struct": 845.6695780539885
  },
  "total_runtime_seconds": 2370.6874604810146
}