{
  "variant": "reward_Ours-Age+TerminalFair",
  "seed": 42,
  "shared_pool_path": "results_dryrun_full_rerun_20260323_gpu/ablation/shared_pools/seed_42.json",
  "metrics": {
    "block_fee_mean": 1673.7546380102935,
    "block_fee_std": 127.80094165933103,
    "fairness_mean": 0.9155606531594171,
    "fairness_std": 0.025702683680862922,
    "risk_exposure_mean": 0.2873700307992451,
    "risk_exposure_std": 0.0680630756444138,
    "gas_util_mean": 0.9996310697916666,
    "gas_util_std": 0.00021696703672437128,
    "risky_rank_mean": 0.4246824194343544,
    "risky_rank_std": 0.06982482959321026,
    "packing_ratio_mean": 0.6266666666666667,
    "packing_ratio_std": 0.043132547648691774,
    "top10_risk_mean": 0.35427884969777385,
    "top10_risk_std": 0.12086327693384076,
    "late_promo_mean": 0.01943932196007017,
    "late_promo_std": 0.01535374730080325,
    "oldest_coverage_mean": 1.0,
    "oldest_coverage_std": 0.0,
    "starvation_gap_mean": 0.0,
    "starvation_gap_std": 0.0,
    "tail_wait_reduction_mean": 1.0,
    "tail_wait_reduction_std": 0.0,
    "selected_wait_std_mean": 61.38791011798489,
    "selected_wait_std_std": 8.945390242947294,
    "block_fee_norm_mean": 0.6875464138058548,
    "block_fee_norm_std": 0.05014720792413619,
    "composite_score_mean": 0.5964347226523472,
    "composite_score_std": 0.022273768783442508
  }
}