{
  "variant": "reward_Ours-AgeOnly",
  "seed": 42,
  "shared_pool_path": "results_dryrun_full_rerun_20260323_gpu/ablation/shared_pools/seed_42.json",
  "metrics": {
    "block_fee_mean": 1690.0752001131068,
    "block_fee_std": 125.04185197404178,
    "fairness_mean": 0.9117835200201996,
    "fairness_std": 0.027568690545929673,
    "risk_exposure_mean": 0.2712656988075372,
    "risk_exposure_std": 0.0823934548472376,
    "gas_util_mean": 0.9997158302083333,
    "gas_util_std": 0.00018021862732821919,
    "risky_rank_mean": 0.4370957768689242,
    "risky_rank_std": 0.0648896256586777,
    "packing_ratio_mean": 0.6399999999999999,
    "packing_ratio_std": 0.043961788963699934,
    "top10_risk_mean": 0.32079282570284895,
    "top10_risk_std": 0.12025952282718859,
    "late_promo_mean": 0.016884868940553757,
    "late_promo_std": 0.013831159353296266,
    "oldest_coverage_mean": 1.0,
    "oldest_coverage_std": 0.0,
    "starvation_gap_mean": 0.0,
    "starvation_gap_std": 0.0,
    "tail_wait_reduction_mean": 1.0,
    "tail_wait_reduction_std": 0.0,
    "selected_wait_std_mean": 62.256067809887355,
    "selected_wait_std_std": 9.031757252104132,
    "block_fee_norm_mean": 0.6943076592440349,
    "block_fee_norm_std": 0.04962191644326892,
    "composite_score_mean": 0.6014158039411563,
    "composite_score_std": 0.024418568262261246
  }
}