{
  "settings": {
    "oldest_ratio": 0.2,
    "tail_quantile": 0.9
  },
  "metrics": [
    "fairness",
    "oldest_coverage",
    "starvation_gap",
    "tail_wait_reduction",
    "selected_wait_std",
    "wait_p95",
    "wait_p99",
    "wait_gini",
    "composite_score"
  ],
  "methods": {
    "ours": {
      "fairness_mean": 0.8725188229548901,
      "fairness_std": 0.02819789253732436,
      "oldest_coverage_mean": 0.99775,
      "oldest_coverage_std": 0.007355553457535796,
      "starvation_gap_mean": 0.0022500000000000046,
      "starvation_gap_std": 0.007355553457535796,
      "tail_wait_reduction_mean": 0.9993333333333334,
      "tail_wait_reduction_std": 0.005120763831912406,
      "selected_wait_std_mean": 72.73290941783996,
      "selected_wait_std_std": 8.547015562065804,
      "wait_p95_mean": 295.7716733549112,
      "wait_p95_std": 25.989558802719777,
      "wait_p99_mean": 304.4887709588226,
      "wait_p99_std": 26.588731440897874,
      "wait_gini_mean": 0.21674909661155253,
      "wait_gini_std": 0.028859046923083047,
      "composite_score_mean": 0.628360622433949,
      "composite_score_std": 0.023136400010650766
    },
    "fifo": {
      "fairness_mean": 0.9340923286280074,
      "fairness_std": 0.019389155845900296,
      "oldest_coverage_mean": 1.0,
      "oldest_coverage_std": 0.0,
      "starvation_gap_mean": 0.0,
      "starvation_gap_std": 0.0,
      "tail_wait_reduction_mean": 1.0,
      "tail_wait_reduction_std": 0.0,
      "selected_wait_std_mean": 55.292457140991374,
      "selected_wait_std_std": 7.822591250786691,
      "wait_p95_mean": 297.0339856570238,
      "wait_p95_std": 26.11957969312528,
      "wait_p99_mean": 304.7323086851425,
      "wait_p99_std": 26.603508046086667,
      "wait_gini_mean": 0.15133569213277526,
      "wait_gini_std": 0.023933751735166802,
      "composite_score_mean": 0.5933053836835203,
      "composite_score_std": 0.02560917919877739
    },
    "gas": {
      "fairness_mean": 0.8263520931321682,
      "fairness_std": 0.023134366569781087,
      "oldest_coverage_mean": 0.9303999999999999,
      "oldest_coverage_std": 0.037331190414689124,
      "starvation_gap_mean": 0.06960000000000002,
      "starvation_gap_std": 0.037331190414689124,
      "tail_wait_reduction_mean": 0.9673333333333334,
      "tail_wait_reduction_std": 0.03339327943031518,
      "selected_wait_std_mean": 84.07322891935162,
      "selected_wait_std_std": 8.35727636680284,
      "wait_p95_mean": 296.8818452097651,
      "wait_p95_std": 26.143025307879498,
      "wait_p99_mean": 304.71741799160475,
      "wait_p99_std": 26.596602157953207,
      "wait_gini_mean": 0.2604344066520876,
      "wait_gini_std": 0.022419300642617615,
      "composite_score_mean": 0.5359797007796434,
      "composite_score_std": 0.03634146465006808
    },
    "heuristic": {
      "fairness_mean": 0.8259982542867386,
      "fairness_std": 0.022873091730811788,
      "oldest_coverage_mean": 0.9304499999999999,
      "oldest_coverage_std": 0.03811922451700424,
      "starvation_gap_mean": 0.06955000000000001,
      "starvation_gap_std": 0.038119224517004245,
      "tail_wait_reduction_mean": 0.9666,
      "tail_wait_reduction_std": 0.03489660919535496,
      "selected_wait_std_mean": 84.08465066657786,
      "selected_wait_std_std": 8.378134917630948,
      "wait_p95_mean": 296.85284394336117,
      "wait_p95_std": 26.131737176686652,
      "wait_p99_mean": 304.7130172631488,
      "wait_p99_std": 26.600176520626537,
      "wait_gini_mean": 0.26082998719259665,
      "wait_gini_std": 0.022163391467654857,
      "composite_score_mean": 0.5828296025187144,
      "composite_score_std": 0.023816050987725202
    },
    "fee_risk_linear": {
      "fairness_mean": 0.8262979768358156,
      "fairness_std": 0.022971425490137587,
      "oldest_coverage_mean": 0.9295333333333333,
      "oldest_coverage_std": 0.037991285550475616,
      "starvation_gap_mean": 0.07046666666666666,
      "starvation_gap_std": 0.037991285550475616,
      "tail_wait_reduction_mean": 0.9670666666666666,
      "tail_wait_reduction_std": 0.03296220057378855,
      "selected_wait_std_mean": 84.05999140044791,
      "selected_wait_std_std": 8.268885332160101,
      "wait_p95_mean": 296.8910867470603,
      "wait_p95_std": 26.12926274166507,
      "wait_p99_mean": 304.72640440690424,
      "wait_p99_std": 26.600147991079645,
      "wait_gini_mean": 0.2605198230475402,
      "wait_gini_std": 0.022324482740088882,
      "composite_score_mean": 0.5898881460172102,
      "composite_score_std": 0.033282923053327584
    },
    "fair_fee": {
      "fairness_mean": 0.8490280032307135,
      "fairness_std": 0.039971853428820064,
      "oldest_coverage_mean": 0.9037999999999999,
      "oldest_coverage_std": 0.042504953959639935,
      "starvation_gap_mean": 0.09620000000000002,
      "starvation_gap_std": 0.042504953959639935,
      "tail_wait_reduction_mean": 0.9450000000000001,
      "tail_wait_reduction_std": 0.04130509788284142,
      "selected_wait_std_mean": 77.73381445441208,
      "selected_wait_std_std": 10.64038378076832,
      "wait_p95_mean": 296.778882860998,
      "wait_p95_std": 26.15248603763941,
      "wait_p99_mean": 304.71573734375903,
      "wait_p99_std": 26.60036813650961,
      "wait_gini_mean": 0.23997720968009656,
      "wait_gini_std": 0.038724321493216404,
      "composite_score_mean": 0.5020254378134339,
      "composite_score_std": 0.029119023323097883
    }
  }
}