{
  "ours": {
    "block_fee_mean": 1811.6078288242204,
    "block_fee_std": 158.4514976358475,
    "fairness_mean": 0.8725188229548901,
    "fairness_std": 0.02819789253732436,
    "risk_exposure_mean": 0.20241971983486043,
    "risk_exposure_std": 0.08575572779977797,
    "edge_risk_ratio_mean": 0.10576284222044686,
    "edge_risk_ratio_std": 0.04905928045308793,
    "gas_util_mean": 0.9996639538,
    "gas_util_std": 0.00020795389717970478,
    "risky_rank_mean": 0.5091655205317588,
    "risky_rank_std": 0.06078781875890362,
    "packing_ratio_mean": 0.7011866666666667,
    "packing_ratio_std": 0.045166514636890503,
    "top10_risk_mean": 0.10398480809285089,
    "top10_risk_std": 0.07064736287777097,
    "late_promo_mean": 0.07065431049704912,
    "late_promo_std": 0.03633092219859542,
    "oldest_coverage_mean": 0.99775,
    "oldest_coverage_std": 0.007355553457535796,
    "starvation_gap_mean": 0.0022500000000000046,
    "starvation_gap_std": 0.007355553457535796,
    "tail_wait_reduction_mean": 0.9993333333333334,
    "tail_wait_reduction_std": 0.005120763831912406,
    "selected_wait_std_mean": 72.73290941783996,
    "selected_wait_std_std": 8.547015562065804,
    "wait_p95_mean": 295.7716733549112,
    "wait_p95_std": 25.989558802719777,
    "wait_p99_mean": 304.4887709588226,
    "wait_p99_std": 26.588731440897874,
    "wait_gini_mean": 0.21674909661155253,
    "wait_gini_std": 0.028859046923083047,
    "block_fee_norm_mean": 0.7526309016554963,
    "block_fee_norm_std": 0.04572646248651768,
    "composite_score_mean": 0.628360622433949,
    "composite_score_std": 0.023136400010650766,
    "constrained_fee_score_mean": -0.7522494518788216,
    "constrained_fee_score_std": 0.6042040069883516,
    "risk_adjusted_fee_score_mean": 0.6716630137215521,
    "risk_adjusted_fee_score_std": 0.05602764220064697
  },
  "fifo": {
    "block_fee_mean": 1494.4658480666076,
    "block_fee_std": 161.61975915822603,
    "fairness_mean": 0.9340923286280074,
    "fairness_std": 0.019389155845900296,
    "risk_exposure_mean": 0.19265286604058926,
    "risk_exposure_std": 0.08106539705202682,
    "edge_risk_ratio_mean": 0.12762812937219822,
    "edge_risk_ratio_std": 0.05794129009983643,
    "gas_util_mean": 0.9996747705333332,
    "gas_util_std": 0.00019923450370116358,
    "risky_rank_mean": 0.49740781817403384,
    "risky_rank_std": 0.056965993836715155,
    "packing_ratio_mean": 0.6217699999999999,
    "packing_ratio_std": 0.044882443858001615,
    "top10_risk_mean": 0.1297415311121328,
    "top10_risk_std": 0.08369855472878554,
    "late_promo_mean": 0.0,
    "late_promo_std": 0.0,
    "oldest_coverage_mean": 1.0,
    "oldest_coverage_std": 0.0,
    "starvation_gap_mean": 0.0,
    "starvation_gap_std": 0.0,
    "tail_wait_reduction_mean": 1.0,
    "tail_wait_reduction_std": 0.0,
    "selected_wait_std_mean": 55.292457140991374,
    "selected_wait_std_std": 7.822591250786691,
    "wait_p95_mean": 297.0339856570238,
    "wait_p95_std": 26.11957969312528,
    "wait_p99_mean": 304.7323086851425,
    "wait_p99_std": 26.603508046086667,
    "wait_gini_mean": 0.15133569213277526,
    "wait_gini_std": 0.023933751735166802,
    "block_fee_norm_mean": 0.6207821868365907,
    "block_fee_norm_std": 0.053180219495045304,
    "composite_score_mean": 0.5933053836835203,
    "composite_score_std": 0.02560917919877739,
    "constrained_fee_score_mean": 0.39353958094283104,
    "constrained_fee_score_std": 0.5619880947494065,
    "risk_adjusted_fee_score_mean": 0.543721040420355,
    "risk_adjusted_fee_score_std": 0.06277864731582991
  },
  "gas": {
    "block_fee_mean": 1581.777199841372,
    "block_fee_std": 165.52759152663384,
    "fairness_mean": 0.8263520931321682,
    "fairness_std": 0.023134366569781087,
    "risk_exposure_mean": 0.36486745720335456,
    "risk_exposure_std": 0.10056689893118659,
    "edge_risk_ratio_mean": 0.254158941536881,
    "edge_risk_ratio_std": 0.08182369341874304,
    "gas_util_mean": 0.9996559754,
    "gas_util_std": 0.00019885979282275153,
    "risky_rank_mean": 0.4552314364293321,
    "risky_rank_std": 0.06496958927228923,
    "packing_ratio_mean": 0.6234733333333333,
    "packing_ratio_std": 0.04466296452319304,
    "top10_risk_mean": 0.3377667602947149,
    "top10_risk_std": 0.11220639288435161,
    "late_promo_mean": 0.1870933964451947,
    "late_promo_std": 0.04368934670030771,
    "oldest_coverage_mean": 0.9303999999999999,
    "oldest_coverage_std": 0.037331190414689124,
    "starvation_gap_mean": 0.06960000000000002,
    "starvation_gap_std": 0.037331190414689124,
    "tail_wait_reduction_mean": 0.9673333333333334,
    "tail_wait_reduction_std": 0.03339327943031518,
    "selected_wait_std_mean": 84.07322891935162,
    "selected_wait_std_std": 8.35727636680284,
    "wait_p95_mean": 296.8818452097651,
    "wait_p95_std": 26.143025307879498,
    "wait_p99_mean": 304.71741799160475,
    "wait_p99_std": 26.596602157953207,
    "wait_gini_mean": 0.2604344066520876,
    "wait_gini_std": 0.022419300642617615,
    "block_fee_norm_mean": 0.6570129223431808,
    "block_fee_norm_std": 0.05337794909886345,
    "composite_score_mean": 0.5359797007796434,
    "composite_score_std": 0.03634146465006808,
    "constrained_fee_score_mean": -1.0,
    "constrained_fee_score_std": 0.0,
    "risk_adjusted_fee_score_mean": 0.5110659394618389,
    "risk_adjusted_fee_score_std": 0.07769255294183126
  },
  "heuristic": {
    "block_fee_mean": 1531.890103399284,
    "block_fee_std": 174.37588290623825,
    "fairness_mean": 0.8259982542867386,
    "fairness_std": 0.022873091730811788,
    "risk_exposure_mean": 0.08913362874979967,
    "risk_exposure_std": 0.13937323723232975,
    "edge_risk_ratio_mean": 0.058842537913508096,
    "edge_risk_ratio_std": 0.09854735161330178,
    "gas_util_mean": 0.9996599964333333,
    "gas_util_std": 0.00020212002262009056,
    "risky_rank_mean": 0.379192150583073,
    "risky_rank_std": 0.08548860757098158,
    "packing_ratio_mean": 0.62571,
    "packing_ratio_std": 0.04313423891372915,
    "top10_risk_mean": 0.0,
    "top10_risk_std": 0.0,
    "late_promo_mean": 0.18931864508255894,
    "late_promo_std": 0.044449719687894365,
    "oldest_coverage_mean": 0.9304499999999999,
    "oldest_coverage_std": 0.03811922451700424,
    "starvation_gap_mean": 0.06955000000000001,
    "starvation_gap_std": 0.038119224517004245,
    "tail_wait_reduction_mean": 0.9666,
    "tail_wait_reduction_std": 0.03489660919535496,
    "selected_wait_std_mean": 84.08465066657786,
    "selected_wait_std_std": 8.378134917630948,
    "wait_p95_mean": 296.85284394336117,
    "wait_p95_std": 26.131737176686652,
    "wait_p99_mean": 304.7130172631488,
    "wait_p99_std": 26.600176520626537,
    "wait_gini_mean": 0.26082998719259665,
    "wait_gini_std": 0.022163391467654857,
    "block_fee_norm_mean": 0.6364731617424743,
    "block_fee_norm_std": 0.06082623961529524,
    "composite_score_mean": 0.5828296025187144,
    "composite_score_std": 0.023816050987725202,
    "constrained_fee_score_mean": -1.0,
    "constrained_fee_score_std": 0.0,
    "risk_adjusted_fee_score_mean": 0.6008197102425544,
    "risk_adjusted_fee_score_std": 0.04921730107244852
  },
  "fee_risk_linear": {
    "block_fee_mean": 1575.3845154514859,
    "block_fee_std": 158.51408201096012,
    "fairness_mean": 0.8262979768358156,
    "fairness_std": 0.022971425490137587,
    "risk_exposure_mean": 0.08927395108522054,
    "risk_exposure_std": 0.09375568364818138,
    "edge_risk_ratio_mean": 0.06443053223352305,
    "edge_risk_ratio_std": 0.06984353443093447,
    "gas_util_mean": 0.9996715064999999,
    "gas_util_std": 0.0001973961040282413,
    "risky_rank_mean": 0.6636946905681606,
    "risky_rank_std": 0.06678041783106967,
    "packing_ratio_mean": 0.6235766666666666,
    "packing_ratio_std": 0.04580073640844168,
    "top10_risk_mean": 0.07846229163255344,
    "top10_risk_std": 0.06553510976648266,
    "late_promo_mean": 0.1574855224362227,
    "late_promo_std": 0.040481258530931756,