{
  "variant": "struct_No-STOP",
  "seed": 42,
  "shared_pool_path": "results_dryrun_gpu_20260324_defaultgpu/ablation/shared_pools/seed_42.json",
  "metrics": {
    "block_fee_mean": 1719.0883910942107,
    "block_fee_std": 130.52802234067047,
    "fairness_mean": 0.8984255423967394,
    "fairness_std": 0.030785654795535366,
    "risk_exposure_mean": 0.19742723622631325,
    "risk_exposure_std": 0.0693338111210734,
    "gas_util_mean": 0.9996291427083333,
    "gas_util_std": 0.000229676456497079,
    "risky_rank_mean": 0.5098821342612121,
    "risky_rank_std": 0.0525637667430753,
    "packing_ratio_mean": 0.6741666666666666,
    "packing_ratio_std": 0.04367652560459554,
    "top10_risk_mean": 0.13056560620919888,
    "top10_risk_std": 0.07044212248640293,
    "late_promo_mean": 0.005274138427549729,
    "late_promo_std": 0.008322740764404594,
    "oldest_coverage_mean": 1.0,
    "oldest_coverage_std": 0.0,
    "starvation_gap_mean": 0.0,
    "starvation_gap_std": 0.0,
    "tail_wait_reduction_mean": 1.0,
    "tail_wait_reduction_std": 0.0,
    "selected_wait_std_mean": 65.4539755165205,
    "selected_wait_std_std": 8.71824961155437,
    "block_fee_norm_mean": 0.7060215448945221,
    "block_fee_norm_std": 0.0489674140161753,
    "composite_score_mean": 0.617529556311731,
    "composite_score_std": 0.02142130623554728,
    "constrained_fee_score_mean": 0.7060215448945221,
    "constrained_fee_score_std": 0.0489674140161753,
    "risk_adjusted_fee_score_mean": 0.6270506504039968,
    "risk_adjusted_fee_score_std": 0.055984236498900046
  }
}