{
  "variant": "reward_Ours-AgeOnly",
  "seed": 42,
  "shared_pool_path": "results_dryrun_gpu_20260324_defaultgpu/ablation/shared_pools/seed_42.json",
  "metrics": {
    "block_fee_mean": 1723.2071268024101,
    "block_fee_std": 127.69482051536654,
    "fairness_mean": 0.8997056494737885,
    "fairness_std": 0.03173423081659434,
    "risk_exposure_mean": 0.29404000886636317,
    "risk_exposure_std": 0.0631348531830421,
    "gas_util_mean": 0.9996520416666667,
    "gas_util_std": 0.0002087013053651354,
    "risky_rank_mean": 0.4240331232810727,
    "risky_rank_std": 0.07290780157637604,
    "packing_ratio_mean": 0.6523958333333333,
    "packing_ratio_std": 0.046608850904510495,
    "top10_risk_mean": 0.3479737225484466,
    "top10_risk_std": 0.11349172936809597,
    "late_promo_mean": 0.025047798725004906,
    "late_promo_std": 0.01649366013411463,
    "oldest_coverage_mean": 1.0,
    "oldest_coverage_std": 0.0,
    "starvation_gap_mean": 0.0,
    "starvation_gap_std": 0.0,
    "tail_wait_reduction_mean": 1.0,
    "tail_wait_reduction_std": 0.0,
    "selected_wait_std_mean": 65.58167176545994,
    "selected_wait_std_std": 9.219684154243048,
    "block_fee_norm_mean": 0.7077538515741746,
    "block_fee_norm_std": 0.048207891304953086,
    "composite_score_mean": 0.5992199512248444,
    "composite_score_std": 0.022516548875883616,
    "constrained_fee_score_mean": 0.7077538515741746,
    "constrained_fee_score_std": 0.048207891304953086,
    "risk_adjusted_fee_score_mean": 0.5901378480276294,
    "risk_adjusted_fee_score_std": 0.06104405748797369
  }
}