{
  "ours": {
    "block_fee_mean": 1552.8944600282382,
    "block_fee_std": 132.77232410372034,
    "fairness_mean": 0.9317228390610984,
    "fairness_std": 0.018225702800981864,
    "risk_exposure_mean": 0.26589140019657426,
    "risk_exposure_std": 0.06606356247825643,
    "gas_util_mean": 0.9996815833333333,
    "gas_util_std": 0.00018805032681881912,
    "risky_rank_mean": 0.4548929474947476,
    "risky_rank_std": 0.07012488184880135,
    "packing_ratio_mean": 0.5914583333333333,
    "packing_ratio_std": 0.04050837962007916,
    "top10_risk_mean": 0.2712739454334365,
    "top10_risk_std": 0.10081630948197298,
    "late_promo_mean": 0.005631027903770359,
    "late_promo_std": 0.008716415948253162,
    "oldest_coverage_mean": 1.0,
    "oldest_coverage_std": 0.0,
    "starvation_gap_mean": 0.0,
    "starvation_gap_std": 0.0,
    "tail_wait_reduction_mean": 1.0,
    "tail_wait_reduction_std": 0.0,
    "selected_wait_std_mean": 56.625444433118695,
    "selected_wait_std_std": 7.610794389219308,
    "block_fee_norm_mean": 0.6374252155149887,
    "block_fee_norm_std": 0.04639566024396769,
    "composite_score_mean": 0.5847225159319552,
    "composite_score_std": 0.019567607527116542
  },
  "fifo": {
    "block_fee_mean": 1543.2682143147317,
    "block_fee_std": 144.62114410386903,
    "fairness_mean": 0.9267826364441214,
    "fairness_std": 0.019861398667653223,
    "risk_exposure_mean": 0.19493877571404777,
    "risk_exposure_std": 0.09077695220213779,
    "gas_util_mean": 0.9996787739583333,
    "gas_util_std": 0.0001940514650618861,
    "risky_rank_mean": 0.49593776545713364,
    "risky_rank_std": 0.05905538516873379,
    "packing_ratio_mean": 0.6278125,
    "packing_ratio_std": 0.039366594120381924,
    "top10_risk_mean": 0.1374823394269989,
    "top10_risk_std": 0.0837149098145513,
    "late_promo_mean": 0.0,
    "late_promo_std": 0.0,
    "oldest_coverage_mean": 1.0,
    "oldest_coverage_std": 0.0,
    "starvation_gap_mean": 0.0,
    "starvation_gap_std": 0.0,
    "tail_wait_reduction_mean": 1.0,
    "tail_wait_reduction_std": 0.0,
    "selected_wait_std_mean": 57.52196426302896,
    "selected_wait_std_std": 7.611556113975403,
    "block_fee_norm_mean": 0.633364806340577,
    "block_fee_norm_std": 0.05013109535966122,
    "composite_score_mean": 0.5960538265044515,
    "composite_score_std": 0.02783782800411378
  },
  "gas": {
    "block_fee_mean": 1598.6113743430087,
    "block_fee_std": 140.50508219395843,
    "fairness_mean": 0.8231674814420475,
    "fairness_std": 0.02362953278958467,
    "risk_exposure_mean": 0.34170551134010335,
    "risk_exposure_std": 0.1015987751452875,
    "gas_util_mean": 0.9997024822916667,
    "gas_util_std": 0.00018878469603558193,
    "risky_rank_mean": 0.4745865499553664,
    "risky_rank_std": 0.07208983159590852,
    "packing_ratio_mean": 0.6183333333333333,
    "packing_ratio_std": 0.03827894692618617,
    "top10_risk_mean": 0.3133395682834537,
    "top10_risk_std": 0.12368033876444591,
    "late_promo_mean": 0.17896542459454334,
    "late_promo_std": 0.026564041903147196,
    "oldest_coverage_mean": 0.9281250000000001,
    "oldest_coverage_std": 0.0443779341752933,
    "starvation_gap_mean": 0.07187500000000001,
    "starvation_gap_std": 0.0443779341752933,
    "tail_wait_reduction_mean": 0.9750000000000001,
    "tail_wait_reduction_std": 0.031180478223116172,
    "selected_wait_std_mean": 84.12076744293836,
    "selected_wait_std_std": 7.481452145044316,
    "block_fee_norm_mean": 0.6561491878384854,
    "block_fee_norm_std": 0.04868427902058827,
    "composite_score_mean": 0.5391291932278854,
    "composite_score_std": 0.037646738091216
  },
  "heuristic": {
    "block_fee_mean": 1542.9167305971,
    "block_fee_std": 138.05251115139262,
    "fairness_mean": 0.8216363349005634,
    "fairness_std": 0.024653993875745024,
    "risk_exposure_mean": 0.10467317079742344,
    "risk_exposure_std": 0.13739914823972477,
    "gas_util_mean": 0.9996732625,
    "gas_util_std": 0.00020397936285014082,
    "risky_rank_mean": 0.38408296619869453,
    "risky_rank_std": 0.08095650228578229,
    "packing_ratio_mean": 0.62375,
    "packing_ratio_std": 0.03589868072475334,
    "top10_risk_mean": 0.0,
    "top10_risk_std": 0.0,
    "late_promo_mean": 0.18293840134803122,
    "late_promo_std": 0.030856539456991218,
    "oldest_coverage_mean": 0.9302083333333333,
    "oldest_coverage_std": 0.04457311019861388,
    "starvation_gap_mean": 0.0697916666666667,
    "starvation_gap_std": 0.04457311019861388,
    "tail_wait_reduction_mean": 0.9760416666666667,
    "tail_wait_reduction_std": 0.02532342871071503,
    "selected_wait_std_mean": 84.32749213435008,
    "selected_wait_std_std": 7.7190098153648,
    "block_fee_norm_mean": 0.6336919638458354,
    "block_fee_norm_std": 0.05229313569618846,
    "composite_score_mean": 0.5774824851039903,
    "composite_score_std": 0.021892406105243248
  },
  "fee_risk_linear": {
    "block_fee_mean": 1589.087771870135,
    "block_fee_std": 128.23501191654003,
    "fairness_mean": 0.8221099894528788,
    "fairness_std": 0.02234557867425231,
    "risk_exposure_mean": 0.07736994634296182,
    "risk_exposure_std": 0.08128705109214755,
    "gas_util_mean": 0.9996629729166666,
    "gas_util_std": 0.00021461657063584998,
    "risky_rank_mean": 0.6731329400988214,
    "risky_rank_std": 0.06833869968580329,
    "packing_ratio_mean": 0.6172916666666667,
    "packing_ratio_std": 0.03340032331014511,
    "top10_risk_mean": 0.07275985229618162,
    "top10_risk_std": 0.06942373385576443,
    "late_promo_mean": 0.16389129187385282,
    "late_promo_std": 0.03512745000933692,
    "oldest_coverage_mean": 0.9276041666666667,
    "oldest_coverage_std": 0.04009740202688393,
    "starvation_gap_mean": 0.07239583333333334,
    "starvation_gap_std": 0.04009740202688393,
    "tail_wait_reduction_mean": 0.9697916666666667,
    "tail_wait_reduction_std": 0.03370560351534048,
    "selected_wait_std_mean": 84.47787743689551,
    "selected_wait_std_std": 7.651368675089951,
    "block_fee_norm_mean": 0.6522908129178658,
    "block_fee_norm_std": 0.042823156171854934,
    "composite_score_mean": 0.5901104582617737,
    "composite_score_std": 0.028617723531511742
  },
  "fair_fee": {
    "block_fee_mean": 1313.6320372700457,
    "block_fee_std": 104.23870457365095,
    "fairness_mean": 0.8482687134941269,
    "fairness_std": 0.03525628531364316,
    "risk_exposure_mean": 0.3431540103440597,
    "risk_exposure_std": 0.11282086371172126,
    "gas_util_mean": 0.9995629416666667,
    "gas_util_std": 0.00016827792693768182,
    "risky_rank_mean": 0.39641131865865675,
    "risky_rank_std": 0.0829987673003833,
    "packing_ratio_mean": 0.6214583333333333,
    "packing_ratio_std": 0.0393518450435724,
    "top10_risk_mean": 0.28726618937048504,
    "top10_risk_std": 0.11819793666450996,
    "late_promo_mean": 0.038958034260634,
    "late_promo_std": 0.02866971704545711,
    "oldest_coverage_mean": 0.9057291666666667,
    "oldest_coverage_std": 0.04095419506900361,
    "starvation_gap_mean": 0.09427083333333333,
    "starvation_gap_std": 0.04095419506900361,
    "tail_wait_reduction_mean": 0.9541666666666666,
    "tail_wait_reduction_std": 0.044682522061515025,
    "selected_wait_std_mean": 77.66942605708992,
    "selected_wait_std_std": 9.861088030822588,
    "block_fee_norm_mean": 0.5400476875666114,
    "block_fee_norm_std": 0.045945503655765656,
    "composite_score_mean": 0.4953148263313643,
    "composite_score_std": 0.031473037248493936
  }
}