{
  "variant": "reward_Ours-AgeOnly",
  "seed": 123,
  "shared_pool_path": "results_formal_full_20260324_r1/ablation/shared_pools/seed_123.json",
  "metrics": {
    "block_fee_mean": 1973.013585629054,
    "block_fee_std": 165.49271402163814,
    "fairness_mean": 0.8038722966328872,
    "fairness_std": 0.024293135364414794,
    "risk_exposure_mean": 0.29263887833987745,
    "risk_exposure_std": 0.0794739284160986,
    "edge_risk_ratio_mean": 0.19457131921282378,
    "edge_risk_ratio_std": 0.06312562550636358,
    "gas_util_mean": 0.9983254525,
    "gas_util_std": 0.0015107333126900763,
    "risky_rank_mean": 0.4381373331275647,
    "risky_rank_std": 0.05522106886448135,
    "packing_ratio_mean": 0.7514833333333334,
    "packing_ratio_std": 0.03969844315447256,
    "top10_risk_mean": 0.2713685323257977,
    "top10_risk_std": 0.09722827029406961,
    "late_promo_mean": 0.30678457438219175,
    "late_promo_std": 0.06330406274340927,
    "oldest_coverage_mean": 0.95025,
    "oldest_coverage_std": 0.037986748420410436,
    "starvation_gap_mean": 0.049750000000000016,
    "starvation_gap_std": 0.037986748420410436,
    "tail_wait_reduction_mean": 0.9576666666666667,
    "tail_wait_reduction_std": 0.044933283877321935,
    "selected_wait_std_mean": 84.76026837702734,
    "selected_wait_std_std": 8.281903607706864,
    "wait_p95_mean": 293.1727615224462,
    "wait_p95_std": 25.580692671205,
    "wait_p99_mean": 302.7061946524744,
    "wait_p99_std": 26.500705814456445,
    "wait_gini_mean": 0.28284661158740265,
    "wait_gini_std": 0.02271893763346033,
    "block_fee_norm_mean": 0.8190404290391962,
    "block_fee_norm_std": 0.04033589221693189,
    "composite_score_mean": 0.6125939701059248,
    "composite_score_std": 0.02400783297502351,
    "constrained_fee_score_mean": -1.0,
    "constrained_fee_score_std": 0.0,
    "risk_adjusted_fee_score_mean": 0.7019848777032454,
    "risk_adjusted_fee_score_std": 0.05036563616178609
  }
}