{
  "variant": "struct_No-SeqSummary",
  "seed": 123,
  "shared_pool_path": "results_formal_full_20260324_r1/ablation/shared_pools/seed_123.json",
  "metrics": {
    "block_fee_mean": 1780.7705842397042,
    "block_fee_std": 173.0774616384081,
    "fairness_mean": 0.8764565781005947,
    "fairness_std": 0.038694032243543786,
    "risk_exposure_mean": 0.20654870773222556,
    "risk_exposure_std": 0.09755170378069408,
    "edge_risk_ratio_mean": 0.10793022202171901,
    "edge_risk_ratio_std": 0.05590739625427011,
    "gas_util_mean": 0.9996504331666667,
    "gas_util_std": 0.0003742033508445696,
    "risky_rank_mean": 0.5458518982009243,
    "risky_rank_std": 0.06438886071799088,
    "packing_ratio_mean": 0.6925166666666667,
    "packing_ratio_std": 0.055977671639879975,
    "top10_risk_mean": 0.1067185564202104,
    "top10_risk_std": 0.0761727007340847,
    "late_promo_mean": 0.04608972025605679,
    "late_promo_std": 0.03189859866551474,
    "oldest_coverage_mean": 0.9979166666666667,
    "oldest_coverage_std": 0.007982185025278348,
    "starvation_gap_mean": 0.0020833333333333363,
    "starvation_gap_std": 0.007982185025278348,
    "tail_wait_reduction_mean": 0.9991666666666668,
    "tail_wait_reduction_std": 0.006180165405913051,
    "selected_wait_std_mean": 70.93357453368954,
    "selected_wait_std_std": 10.094367708613158,
    "wait_p95_mean": 294.55033639056705,
    "wait_p95_std": 25.669836497344008,
    "wait_p99_mean": 302.9940434424773,
    "wait_p99_std": 26.50984942797223,
    "wait_gini_mean": 0.21260260503709602,
    "wait_gini_std": 0.03908207932651352,
    "block_fee_norm_mean": 0.7393491376365648,
    "block_fee_norm_std": 0.05342860937310182,
    "composite_score_mean": 0.6232315580333295,
    "composite_score_std": 0.025693623369985832,
    "constrained_fee_score_mean": -0.6173718970816118,
    "constrained_fee_score_std": 0.7105510834329715,
    "risk_adjusted_fee_score_mean": 0.6567296545436744,
    "risk_adjusted_fee_score_std": 0.06759651191477939
  }
}