{
  "variant": "struct_No-ActionMask",
  "seed": 42,
  "shared_pool_path": "results_dryrun_full/ablation/shared_pools/seed_42.json",
  "metrics": {
    "block_fee_mean": 1.7245388576793774,
    "block_fee_std": 6.622837354082749,
    "fairness_mean": 0.9969120850594129,
    "fairness_std": 0.01719278276165127,
    "risk_exposure_mean": 0.0,
    "risk_exposure_std": 0.0,
    "gas_util_mean": 0.0006244031250000001,
    "gas_util_std": 0.0014561344125886718,
    "risky_rank_mean": 0.5,
    "risky_rank_std": 0.0,
    "packing_ratio_mean": 0.0007291666666666667,
    "packing_ratio_std": 0.0016103775868479488,
    "top10_risk_mean": 0.0,
    "top10_risk_std": 0.0,
    "late_promo_mean": 0.000390625,
    "late_promo_std": 0.0021749079542304774
  }
}