{
  "variant": "reward_Ours-FullBalanced",
  "seed": 42,
  "shared_pool_path": "results_dryrun_full_20260324_r1/ablation/shared_pools/seed_42.json",
  "metrics": {
    "block_fee_mean": 1746.5105345507309,
    "block_fee_std": 133.62708956809078,
    "fairness_mean": 0.8904537096079869,
    "fairness_std": 0.03247629669244343,
    "risk_exposure_mean": 0.22332730007772295,
    "risk_exposure_std": 0.06779430895045409,
    "edge_risk_ratio_mean": 0.16087736376101652,
    "edge_risk_ratio_std": 0.051475479532206055,
    "gas_util_mean": 0.9996520052083333,
    "gas_util_std": 0.0003355892023232104,
    "risky_rank_mean": 0.4780179342822064,
    "risky_rank_std": 0.06358954034381441,
    "packing_ratio_mean": 0.6819791666666666,
    "packing_ratio_std": 0.04427548995117576,
    "top10_risk_mean": 0.18750321435175554,
    "top10_risk_std": 0.08957856606654936,
    "late_promo_mean": 0.013731681361363315,
    "late_promo_std": 0.012800364313613397,
    "oldest_coverage_mean": 1.0,
    "oldest_coverage_std": 0.0,
    "starvation_gap_mean": 0.0,
    "starvation_gap_std": 0.0,
    "tail_wait_reduction_mean": 1.0,
    "tail_wait_reduction_std": 0.0,
    "selected_wait_std_mean": 67.54907208342811,
    "selected_wait_std_std": 9.553154962103186,
    "wait_p95_mean": 294.77543291136703,
    "wait_p95_std": 19.252154302229098,
    "wait_p99_mean": 303.0364068129663,
    "wait_p99_std": 19.665303541203993,
    "wait_gini_mean": 0.19913445738736957,
    "wait_gini_std": 0.03377360439891122,
    "block_fee_norm_mean": 0.7173432148779819,
    "block_fee_norm_std": 0.05076337100768149,
    "composite_score_mean": 0.6148852533376449,
    "composite_score_std": 0.02344852278194123,
    "constrained_fee_score_mean": -0.4698724049504257,
    "constrained_fee_score_std": 0.7865969995549074,
    "risk_adjusted_fee_score_mean": 0.6280122948468928,
    "risk_adjusted_fee_score_std": 0.061817127728884196
  }
}